zip,state,latitude,longitude,No_requests
48067,MI,42.488735,-83.13752,6
70072,LA,29.869283,-90.10933,1
55117,MN,44.989065,-93.10666,9
02460,MA,42.352996,-71.20907,3
55455,MN,44.971965,-93.23588,16
06810,CT,41.390194,-73.45441,3
11413,NY,40.670138,-73.75141,1
61614,IL,40.755343,-89.59799,2
95370,CA,37.995238,-120.3437,2
04093,ME,43.660386,-70.57492,1
93304,CA,35.344209,-119.02225,1
60126,IL,41.89103,-87.94181,2
22903,VA,38.026342,-78.5348,18
20670,MD,38.268636,-76.42383,1
95350,CA,37.671778,-121.01249,1
95825,CA,38.594205,-121.40726,2
48073,MI,42.518635,-83.16357,7
55113,MN,45.011215,-93.15536,11
99353,WA,46.297139,-119.35457,2
53706,WI,43.074296,-89.40774,9
90049,CA,34.067409,-118.47528,3
10023,NY,40.776099,-73.98285,10
01609,MA,42.271743,-71.81348,3
23112,VA,37.427988,-77.64868,2
19130,PA,39.968262,-75.17222,2
14607,NY,43.149863,-77.58962,4
33407,FL,26.750991,-80.07296,1
19143,PA,39.944162,-75.22718,3
06840,CT,41.150146,-73.49178,1
19355,PA,40.042957,-75.53221,1
55421,MN,45.050434,-93.25007,9
02135,MA,42.348418,-71.15349,8
02482,MA,42.300096,-71.30336,1
94123,CA,37.801028,-122.43836,3
66212,KS,38.959606,-94.68189,2
02215,MA,42.346997,-71.10215,6
61820,IL,40.114931,-88.24322,4
10543,NY,40.952892,-73.7346,4
15116,PA,40.533806,-79.96303,2
24502,VA,37.362109,-79.21525,1
60614,IL,41.922682,-87.65432,8
98052,WA,47.677471,-122.12138,3
94110,CA,37.74873,-122.41545,17
75602,TX,32.474499,-94.712,2
94305,CA,37.427039,-122.16496,4
92107,CA,32.7409,-117.24434,1
77084,TX,29.839155,-95.66391,1
98133,WA,47.733852,-122.34461,4
10562,NY,41.176837,-73.84741,3
72212,AR,34.783505,-92.40807,2
56723,MN,47.826487,-96.83308,1
55303,MN,45.247509,-93.418,5
60440,IL,41.703097,-88.07462,1
30350,GA,33.97285,-84.32775,2
30303,GA,33.752856,-84.39013,3
55413,MN,44.997665,-93.24927,3
72118,AR,34.813269,-92.30229,2
95122,CA,37.329641,-121.83359,1
98105,WA,47.66377,-122.30118,8
54902,WI,43.988616,-88.54699,2
55803,MN,46.972432,-92.10105,2
57706,SD,44.144225,-103.08527,1
60181,IL,41.880429,-87.97813,1
02143,MA,42.381929,-71.09908,10
53703,WI,43.078646,-89.37727,6
95008,CA,37.278843,-121.95446,7
55122,MN,44.804548,-93.19871,5
94530,CA,37.917774,-122.30426,7
01748,MA,42.220447,-71.53418,1
15321,PA,40.322872,-80.18745,1
98029,WA,47.572401,-122.02065,2
98103,WA,47.671346,-122.34166,14
49327,MI,43.34022,-85.82566,1
60640,IL,41.973181,-87.6665,13
48380,MI,42.586597,-83.66826,1
94609,CA,37.834926,-122.264,1
53140,WI,42.60217,-87.82979,1
94945,CA,38.117065,-122.56316,2
54467,WI,44.452277,-89.54399,1
48360,MI,42.74628,-83.2612,1
02476,MA,42.416745,-71.17761,2
85749,AZ,32.299275,-110.74419,2
07650,NJ,40.845742,-73.99479,2
44243,OH,41.146862,-81.3388,1
28601,NC,35.759932,-81.33012,2
98201,WA,47.986274,-122.20222,3
78028,TX,30.042529,-99.15152,1
66210,KS,38.924739,-94.70473,1
33547,FL,27.788498,-82.1508,1
19390,PA,39.820841,-75.84233,1
95401,CA,38.440111,-122.74563,2
33314,FL,26.067966,-80.22016,4
20871,MD,39.262598,-77.29125,1
92104,CA,32.742892,-117.12774,3
00926,PR,18.361363,-66.0562,1
90277,CA,33.828815,-118.38322,1
79101,TX,35.206402,-101.83924,1
63129,MO,38.469953,-90.32161,1
30316,GA,33.729506,-84.34087,1
92028,CA,33.380359,-117.20605,1
90803,CA,33.761117,-118.12986,3
55416,MN,44.946664,-93.34215,3
97209,OR,45.52889,-122.68458,2
37032,TN,36.522355,-87.02542,1
83712,ID,43.595763,-116.16367,1
28083,NC,35.492989,-80.60293,1
55744,MN,47.243062,-93.52599,1
22315,VA,38.757924,-77.15284,1
77515,TX,29.16866,-95.44541,1
27106,NC,36.141395,-80.3137,2
75229,TX,32.895376,-96.85985,2
67208,KS,37.701997,-97.28114,1
91356,CA,34.164255,-118.54472,1
01701,MA,42.318695,-71.42344,3
98117,WA,47.685919,-122.37838,4
01770,MA,42.231025,-71.37202,1
37922,TN,35.875925,-84.12608,13
20164,VA,39.011909,-77.39295,1
50021,IA,41.725288,-93.60475,2
99709,AK,64.854937,-147.87406,1
55071,MN,44.835366,-92.99254,1
20006,DC,38.897567,-77.04195,2
21202,MD,39.296507,-76.60693,2
78758,TX,30.384204,-97.70392,2
22203,VA,38.874979,-77.11455,2
45409,OH,39.725705,-84.18927,1
55107,MN,44.928315,-93.08876,3
62035,IL,38.947841,-90.2216,1
10011,NY,40.741012,-74.00012,10
29401,SC,32.779126,-79.9355,1
19081,PA,39.897562,-75.34658,1
10954,NY,41.100182,-74.0133,2
91360,CA,34.208837,-118.87348,3
57747,SD,43.401616,-103.5051,1
29205,SC,33.990555,-80.99826,2
98144,WA,47.58577,-122.30081,2
85013,AZ,33.50711,-112.08483,4
48104,MI,42.266805,-83.72297,19
51537,IA,41.638566,-95.29692,1
07470,NJ,40.943608,-74.25004,1
14519,NY,43.227921,-77.30097,1
12866,NY,43.080399,-73.77038,5
28754,NC,35.866763,-82.52043,1
13021,NY,42.922273,-76.55882,1
98107,WA,47.66747,-122.37468,1
93117,CA,34.443746,-119.94215,2
94566,CA,37.658898,-121.87149,3
98502,WA,47.071484,-122.97702,6
92802,CA,33.806965,-117.92594,2
10022,NY,40.759015,-73.96732,7
46970,IN,40.753091,-86.07185,1
55439,MN,44.875997,-93.37021,2
07002,NJ,40.666552,-74.11768,1
55441,MN,45.001997,-93.42421,3
07661,NJ,40.927579,-74.03739,1
45237,OH,39.188859,-84.45798,1
95123,CA,37.244426,-121.83246,4
55016,MN,44.830966,-92.93739,3
54016,WI,44.978518,-92.71996,4
53705,WI,43.073395,-89.45049,5
01603,MA,42.240526,-71.83776,1
33186,FL,25.662292,-80.40947,1
03052,NH,42.85059,-71.45379,1
55407,MN,44.934915,-93.25424,5
19001,PA,40.127907,-75.12695,1
14468,NY,43.289787,-77.79548,2
91767,CA,34.080143,-117.73861,1
94061,CA,37.463911,-122.23396,3
79930,TX,31.803457,-106.45758,1
60076,IL,42.03618,-87.7321,3
55125,MN,44.921982,-92.94234,5
04915,ME,44.445295,-69.02257,1
10977,NY,41.116795,-74.04504,1
44106,OH,41.507751,-81.60883,3
29146,SC,33.506999,-81.28947,1
10458,NY,40.864166,-73.88881,1
94587,CA,37.592184,-122.04577,3
55108,MN,44.982515,-93.17489,6
83706,ID,43.593523,-116.19903,1
84321,UT,41.730637,-111.78042,2
53715,WI,43.061546,-89.40024,6
92123,CA,32.803799,-117.13595,2
97333,OR,44.52789,-123.2791,6
20194,VA,38.977362,-77.34658,2
94115,CA,37.786129,-122.43736,9
55432,MN,45.095674,-93.25336,1
90048,CA,34.073759,-118.37376,6
25801,WV,37.79064,-81.19958,1
90620,CA,33.841014,-118.00969,1
53714,WI,43.099861,-89.31786,1
80218,CO,39.731237,-104.97133,1
92075,CA,32.997543,-117.26087,2
52761,IL,41.413372,-91.00612,1
95822,CA,38.51394,-121.49201,1
94063,CA,37.483504,-122.2144,3
55116,MN,44.913815,-93.17459,10
28262,NC,35.321279,-80.7405,3
14850,NY,42.449454,-76.49685,9
11215,NY,40.667508,-73.9856,8
94518,CA,37.954122,-122.02506,1
90291,CA,33.992411,-118.46531,4
04576,ME,43.823008,-69.66661,1
43210,OH,40.003681,-83.02148,2
55408,MN,44.947515,-93.28742,15
37919,TN,35.922881,-84.00384,3
39652,MS,31.117097,-90.45287,1
55126,MN,45.085643,-93.1353,7
46835,IN,41.138599,-85.05941,2
94618,CA,37.843726,-122.24369,4
55121,MN,44.844965,-93.14431,2
11576,NY,40.793839,-73.65156,2
19072,PA,40.014541,-75.25805,2
66046,KS,38.932303,-95.22513,1
60625,IL,41.971614,-87.70256,2
94404,CA,37.554335,-122.27032,5
72703,AR,36.107078,-94.11592,3
48126,MI,42.333787,-83.18179,1
11229,NY,40.599256,-73.94118,2
55105,MN,44.934465,-93.16554,16
94112,CA,37.720931,-122.44241,1
97370,OR,44.578526,-123.43709,2
49015,MI,42.30244,-85.22294,1
85310,AZ,33.701173,-112.17614,1
55076,MN,44.844833,-93.03528,3
55436,MN,44.903864,-93.37056,2
60615,IL,41.801525,-87.60215,3
98126,WA,47.54687,-122.3748,2
75801,TX,31.779481,-95.63325,3
68503,NE,40.823602,-96.67552,1
22304,VA,38.813013,-77.11667,2
20755,MD,39.105015,-76.74126,1
55001,MN,44.903133,-92.81904,1
29708,SC,35.040969,-80.99427,1
55414,MN,44.980379,-93.23003,8
48202,MI,42.375237,-83.07837,1
80302,CO,40.020885,-105.29673,4
55427,MN,45.006764,-93.38223,3
48162,MI,41.940898,-83.38515,1
01982,MA,42.616643,-70.86513,1
60482,IL,41.688827,-87.79265,1
91214,CA,34.232003,-118.24753,1
19118,PA,40.07236,-75.20772,1
94117,CA,37.770937,-122.44276,14
94401,CA,37.570385,-122.32044,1
10003,NY,40.732509,-73.98935,11
91910,CA,32.638654,-117.06686,2
94109,CA,37.792778,-122.42188,9
54601,WI,43.797116,-91.21141,2
94706,CA,37.889125,-122.29371,6
97119,OR,45.43957,-123.17165,1
11801,NY,40.763355,-73.52323,1
94591,CA,38.099119,-122.21035,2
55110,MN,45.081266,-93.01146,4
19406,PA,40.092941,-75.37525,2
55337,MN,44.770297,-93.27302,3
43147,OH,39.904288,-82.756,1
80203,CO,39.731286,-104.98306,1
97211,OR,45.56544,-122.64635,1
19010,PA,40.02371,-75.32764,2
78664,TX,30.514401,-97.65549,2
04901,ME,44.554965,-69.61297,3
53051,WI,43.151183,-88.11034,1
90027,CA,34.111208,-118.28842,5
10025,NY,40.798502,-73.96811,16
16801,PA,40.792011,-77.84993,3
31201,GA,32.830839,-83.63529,1
22207,VA,38.903697,-77.12749,4
02138,MA,42.379146,-71.12803,15
46911,IN,40.614885,-85.93863,1
90740,CA,33.759283,-118.08239,1
38555,TN,35.929314,-85.05926,1
55104,MN,44.953665,-93.15922,17
33436,FL,26.530144,-80.10461,1
99516,AK,61.101142,-149.77311,1
55128,MN,44.985792,-92.96532,4
53716,WI,43.065621,-89.32085,1
55106,MN,44.967565,-93.05001,5
55112,MN,45.076365,-93.19335,10
25302,WV,38.375397,-81.62367,1
55448,MN,45.186232,-93.29635,1
80401,CO,39.735745,-105.19337,3
02115,MA,42.34308,-71.09268,8
92065,CA,33.035844,-116.8513,2
55902,MN,43.991846,-92.49166,2
55109,MN,45.010632,-93.01845,2
55410,MN,44.911564,-93.31947,9
55434,MN,45.164248,-93.2531,1
80205,CO,39.758986,-104.96678,1
80207,CO,39.759386,-104.91945,1
28001,NC,35.351477,-80.19879,1
92119,CA,32.80225,-117.02431,3
55127,MN,45.076708,-93.0828,3
75034,TX,33.143792,-96.83938,1
94114,CA,37.758434,-122.43512,15
55305,MN,44.953763,-93.43346,4
08035,NJ,39.87913,-75.06599,2
60115,IL,41.924127,-88.74617,4
92625,CA,33.600172,-117.86823,1
55101,MN,44.964852,-93.08397,1
20815,MD,38.97986,-77.08079,4
28208,NC,35.235791,-80.89295,1
55419,MN,44.902414,-93.29012,4
46815,IN,41.105691,-85.06509,3
90293,CA,33.957012,-118.44167,1
02141,MA,42.370519,-71.08443,3
72227,AR,34.771024,-92.37117,2
55347,MN,44.831413,-93.46031,2
55346,MN,44.880435,-93.4869,3
80026,CO,40.002156,-105.10036,2
55418,MN,45.019315,-93.24304,5
54822,WI,45.401622,-91.72727,1
92024,CA,33.053092,-117.26855,2
89015,NV,36.030927,-114.96787,2
66205,KS,39.030172,-94.63097,2
78757,TX,30.349455,-97.73328,4
55075,MN,44.887966,-93.04546,3
68131,NE,41.264418,-95.96383,1
10021,NY,40.76842,-73.96045,10
68128,NE,41.183458,-96.05318,1
55405,MN,44.971798,-93.30273,12
20037,DC,38.900394,-77.05126,5
55402,MN,44.975565,-93.27053,1
55013,MN,45.365164,-92.88864,1
56187,MN,43.623255,-95.59604,1
22124,VA,38.88619,-77.32402,2
55454,MN,44.969465,-93.24327,2
55422,MN,45.014764,-93.33965,3
55129,MN,44.896938,-92.90241,4
10128,NY,40.781894,-73.95039,5
13077,NY,42.680693,-76.18566,1
89503,NV,39.53636,-119.8373,1
55417,MN,44.905365,-93.23662,6
43214,OH,40.053063,-83.01881,4
55409,MN,44.924115,-93.28362,5
55317,MN,44.866236,-93.54487,3
55406,MN,44.938615,-93.22082,12
50613,IA,42.527184,-92.45609,1
54901,WI,44.043984,-88.53528,1
55306,MN,44.732569,-93.28909,3
55115,MN,45.060048,-92.95762,2
98155,WA,47.753019,-122.30373,1
43023,OH,40.070985,-82.52134,1
55030,MN,45.842603,-93.11924,1
32940,FL,28.21981,-80.69402,1
55042,MN,44.999023,-92.90939,4
80123,CO,39.616114,-105.07393,1
85037,AZ,33.493006,-112.25539,1
24523,VA,37.339184,-79.52839,1
54720,WI,44.80416,-91.43963,1
55102,MN,44.935315,-93.12049,4
55092,MN,45.329115,-93.06834,1
54703,WI,44.82961,-91.50521,2
55313,MN,45.175558,-93.85441,1
94523,CA,37.951672,-122.07317,1
55082,MN,45.054551,-92.82581,4
55068,MN,44.732105,-93.13437,1
08904,NJ,40.500254,-74.4257,6
92126,CA,32.914346,-117.14116,2
91367,CA,34.176238,-118.61992,2
55345,MN,44.915413,-93.48443,3
56043,MN,43.65048,-93.224,1
17870,PA,40.812047,-76.86138,1
55412,MN,45.027715,-93.30337,2
55372,MN,44.704646,-93.42139,1
73120,OK,35.579488,-97.56496,1
17003,PA,40.347757,-76.53498,1
55103,MN,44.964115,-93.12261,2
15232,PA,40.454018,-79.9325,1
55379,MN,44.776138,-93.52556,1
55119,MN,44.957315,-93.00616,1
55033,MN,44.726517,-92.86147,1
75240,TX,32.938774,-96.78543,3
55038,MN,45.161267,-92.99596,1
55124,MN,44.743963,-93.20624,3
91320,CA,34.175038,-118.93956,1
19027,PA,40.072293,-75.12406,2
94806,CA,37.972623,-122.33873,2
11201,NY,40.695286,-73.98907,5
83843,ID,46.727636,-116.98067,1
92009,CA,33.097841,-117.26744,3
10019,NY,40.765714,-73.9856,9
22206,VA,38.843466,-77.08973,2
94301,CA,37.443688,-122.15071,3
27514,NC,35.915083,-79.02939,10
01267,MA,42.689962,-73.22355,1
07704,NJ,40.360581,-74.03738,1
95407,CA,38.404991,-122.7275,1
15213,PA,40.443269,-79.95487,4
78705,TX,30.292424,-97.73856,9
55057,MN,44.459969,-93.16623,2
94538,CA,37.527237,-121.9679,5
01890,MA,42.451945,-71.14276,2
37211,TN,36.079259,-86.72584,3
76109,TX,32.699565,-97.37808,2
53217,WI,43.14351,-87.90894,1
23456,VA,36.762459,-76.06139,1
94131,CA,37.741797,-122.4378,6
94086,CA,37.378341,-122.02398,5
53213,WI,43.049012,-88.00012,3
37221,TN,36.065032,-86.94674,2
30030,GA,33.771705,-84.29407,6
60422,IL,41.539384,-87.68424,1
81335,CO,37.508184,-108.78311,1
64060,MO,39.365318,-94.3578,1
48083,MI,42.556943,-83.11506,2
49419,MI,42.679762,-85.98996,2
45242,OH,39.242559,-84.36042,2
92122,CA,32.856447,-117.21143,7
52570,IA,40.679958,-92.162,1
61801,IL,40.109647,-88.21246,5
98119,WA,47.63877,-122.36694,4
92130,CA,32.946776,-117.21918,4
20910,MD,38.999992,-77.03404,2
90064,CA,34.03457,-118.42843,2
32839,FL,28.489758,-81.40625,1
08534,NJ,40.32315,-74.78364,1
73543,OK,34.478901,-98.37791,1
67042,KS,37.830417,-96.84294,1
94403,CA,37.539686,-122.30266,4
53092,WI,43.223907,-87.95085,2
92649,CA,33.720017,-118.04614,4
23220,VA,37.549396,-77.45739,1
90210,CA,34.088808,-118.40612,13
98032,WA,47.388254,-122.25932,1
76201,TX,33.226598,-97.13061,2
92103,CA,32.746018,-117.16715,8
91711,CA,34.110009,-117.71973,3
01950,MA,42.809891,-70.86363,2
80206,CO,39.731237,-104.95243,2
95476,CA,38.277147,-122.47058,2
53711,WI,43.036696,-89.44499,7
66209,KS,38.900535,-94.63248,1
06320,CT,41.352498,-72.10338,1
14612,NY,43.256462,-77.66183,1
32256,FL,30.206922,-81.54604,2
44425,OH,41.166743,-80.57733,1
49507,MI,42.933077,-85.65435,1
43614,OH,41.60135,-83.62611,2
18011,PA,40.496375,-75.62213,1
10012,NY,40.72596,-73.99834,6
77025,TX,29.69023,-95.43474,2
20715,MD,38.979413,-76.74382,2
95020,CA,37.016943,-121.56581,1
90024,CA,34.063209,-118.43643,14
32951,FL,28.01514,-80.53518,1
92117,CA,32.823865,-117.19966,4
74105,OK,36.099044,-95.96615,5
13210,NY,43.037166,-76.12653,10
93560,CA,34.88923,-118.33629,1
92612,CA,33.650813,-117.81771,5
60555,IL,41.82552,-88.19452,1
75207,TX,32.78643,-96.81992,1
77005,TX,29.717529,-95.42821,9
97210,OR,45.534839,-122.7095,1
48154,MI,42.396194,-83.37161,1
80525,CO,40.532354,-105.0535,2
07649,NJ,40.953126,-74.03379,1
49512,MI,42.888821,-85.5616,1
33785,FL,27.887923,-82.84703,1
97132,OR,45.310304,-122.972,1
77584,TX,29.543654,-95.34036,2
85202,AZ,33.381097,-111.8756,3
47406,IN,39.173597,-86.51676,1
78155,TX,29.56478,-97.96283,1
23188,VA,37.322936,-76.75793,1
93704,CA,36.794748,-119.80097,1
08505,NJ,40.132784,-74.71778,1
85224,AZ,33.328951,-111.8735,2
80526,CO,40.539432,-105.11576,4
49445,MI,43.278021,-86.2682,2
20895,MD,39.027259,-77.07745,2
92660,CA,33.634821,-117.87453,1
75023,TX,33.054671,-96.73506,2
92629,CA,33.475302,-117.70327,1
92106,CA,32.7259,-117.23079,5
34691,FL,28.19006,-82.75735,1
28134,NC,35.086017,-80.89034,1
70507,LA,30.2786,-92.02759,1
13114,NY,43.468092,-76.2382,1
99163,WA,46.732705,-117.18648,3
74601,OK,36.707393,-97.10167,1
13317,NY,42.86749,-74.57435,1
08540,NJ,40.357439,-74.64922,3
22042,VA,38.864669,-77.18781,2
30307,GA,33.768205,-84.33786,2
61761,IL,40.515485,-88.98629,1
46845,IN,41.200465,-85.10219,1
02048,MA,42.019982,-71.2191,1
94122,CA,37.75838,-122.48478,8
34952,FL,27.291694,-80.29691,2
29681,SC,34.762693,-82.24512,1
37013,TN,36.055115,-86.64782,1
30501,GA,34.306643,-83.82352,1
27510,NC,35.912489,-79.08144,2
14136,NY,42.535276,-79.16539,1
13407,NY,42.970099,-74.96051,1
48103,MI,42.280887,-83.79147,15
90717,CA,33.793384,-118.31611,1
96813,HI,21.313033,-157.85615,2
85207,AZ,33.436767,-111.64338,2
76401,TX,32.242816,-98.21058,3
04240,ME,44.094773,-70.19141,7
97330,OR,44.608694,-123.2752,10
73505,OK,34.613973,-98.46255,2
01002,MA,42.377651,-72.50323,5
90808,CA,33.823316,-118.11329,1
44074,OH,41.2863,-82.21935,2
85712,AZ,32.249551,-110.8878,3
48065,MI,42.826805,-83.02963,1
17740,PA,41.209389,-77.25975,1
37042,TN,36.58068,-87.4056,1
92647,CA,33.725167,-118.00509,2
80521,CO,40.586282,-105.10494,4
95136,CA,37.269343,-121.84939,5
79912,TX,31.848055,-106.54487,3
76013,TX,32.721632,-97.14698,2
98188,WA,47.450321,-122.27472,2
90211,CA,34.066009,-118.38271,2
75070,TX,33.212203,-96.67522,3
97520,OR,42.169751,-122.61772,3
98027,WA,47.522828,-122.02921,3
90266,CA,33.88898,-118.40535,3
77449,TX,29.825908,-95.7301,2
11598,NY,40.633103,-73.71404,1
85284,AZ,33.338333,-111.92962,1
10580,NY,40.976579,-73.69002,2
07030,NJ,40.744851,-74.03294,8
30034,GA,33.693448,-84.24743,2
07070,NJ,40.828922,-74.11064,1
99205,WA,47.69399,-117.43979,1
24551,VA,37.366744,-79.29977,1
44095,OH,41.653796,-81.44614,1
54758,WI,44.555876,-91.21713,1
60660,IL,41.990631,-87.6667,6
77007,TX,29.772627,-95.40319,2
90004,CA,34.07711,-118.30755,3
95019,CA,36.935552,-121.77972,1
98606,WA,45.73451,-122.48034,1
60098,IL,42.316121,-88.43884,1
56303,MN,45.568516,-94.19251,1
13066,NY,43.028516,-76.00876,3
97201,OR,45.49894,-122.68781,3
97401,OR,44.06092,-123.08275,8
42754,KY,37.479797,-86.30731,1
38024,TN,36.038042,-89.38613,1
94002,CA,37.516687,-122.29026,4
19518,PA,40.273179,-75.73931,1
89156,NV,36.201612,-115.03358,1
63041,MO,38.262811,-90.77513,1
02882,RI,41.432452,-71.46352,1
85296,AZ,33.319722,-111.76078,1
74467,OK,35.961019,-95.3611,1
95128,CA,37.316983,-121.93555,1
45241,OH,39.276271,-84.39324,3
17067,PA,40.389502,-76.3147,1
02421,MA,42.439295,-71.23553,2
98499,WA,47.16632,-122.50844,2
75087,TX,32.93382,-96.45446,1
89118,NV,36.084361,-115.2103,2
48108,MI,42.232807,-83.72671,5
56258,MN,44.446885,-95.77281,1
92627,CA,33.647028,-117.91506,2
87543,NM,36.129822,-105.66493,1
32694,FL,29.789597,-82.1621,1
91776,CA,34.089059,-118.0951,1
95076,CA,36.922902,-121.77224,4
28223,NC,35.305552,-80.73303,1
11040,NY,40.742901,-73.67895,1
29307,SC,34.982424,-81.85729,1
55987,MN,44.033867,-91.65106,1
77802,TX,30.655348,-96.34056,1
37601,TN,36.331006,-82.3386,1
67212,KS,37.700632,-97.4343,2
45694,OH,38.729816,-82.8004,1
27511,NC,35.755651,-78.77508,3
37043,TN,36.506407,-87.2572,1
19147,PA,39.936562,-75.15409,3
98237,WA,48.497601,-121.70018,1
20175,VA,39.080037,-77.58025,1
48464,MI,43.219132,-83.42227,1
98498,WA,47.16062,-122.55877,1
72032,AR,35.075467,-92.43401,1
95776,CA,38.681254,-121.74189,1
22801,VA,38.426786,-78.88153,2
67217,KS,37.62421,-97.36312,1
90032,CA,34.08166,-118.17568,1
34990,FL,27.163485,-80.31267,1
85226,AZ,33.312208,-111.93177,4
70508,LA,30.163368,-92.01974,2
98006,WA,47.562975,-122.1526,1
94043,CA,37.40679,-122.07461,8
70002,LA,30.011517,-90.16245,1
37130,TN,35.860152,-86.3648,3
92108,CA,32.7736,-117.13785,2
41076,KY,39.019185,-84.44204,2
60107,IL,42.023977,-88.17657,1
60611,IL,41.904667,-87.62504,9
78759,TX,30.406169,-97.75743,6
14456,NY,42.853039,-76.99394,1
07666,NJ,40.890964,-74.01115,3
92078,CA,33.122029,-117.15605,1
39532,MS,30.462388,-88.93293,1
80210,CO,39.679437,-104.96473,2
70817,LA,30.387642,-90.99921,2
60657,IL,41.940832,-87.65852,10
20874,MD,39.169859,-77.27564,2
19464,PA,40.253496,-75.63481,1
46825,IN,41.150677,-85.12181,1
78640,TX,29.996916,-97.84756,1
94952,CA,38.243734,-122.69345,1
92661,CA,33.601822,-117.89966,1
02828,RI,41.870799,-71.5539,1
49321,MI,43.059661,-85.67384,2
92121,CA,32.899996,-117.20722,3
20009,DC,38.919211,-77.03777,7
80209,CO,39.706535,-104.96698,1
80228,CO,39.688278,-105.14558,4
94121,CA,37.778729,-122.49265,8
75006,TX,32.960374,-96.89163,4
75287,TX,32.998786,-96.84436,3
92105,CA,32.741256,-117.0951,1
55447,MN,45.003363,-93.49262,3
44092,OH,41.603581,-81.47087,1
72701,AR,36.040467,-94.13376,3
02453,MA,42.370446,-71.23563,4
11701,NY,40.6851,-73.41317,1
10013,NY,40.720666,-74.00526,6
78237,TX,29.422583,-98.56584,1
37027,TN,36.007373,-86.79121,3
62522,IL,39.840482,-89.00569,2
97205,OR,45.52054,-122.68573,3
08820,NJ,40.575503,-74.35781,3
95814,CA,38.580255,-121.49125,2
01702,MA,42.283995,-71.42161,2
92026,CA,33.181543,-117.11136,3
02144,MA,42.399546,-71.12165,6
26105,WV,39.323907,-81.54206,1
94707,CA,37.894625,-122.27917,2
43202,OH,40.018814,-83.00894,4
90631,CA,33.934513,-117.95159,3
01720,MA,42.477142,-71.4422,3
92673,CA,33.462927,-117.62414,1
49454,MI,43.946244,-86.28427,1
48105,MI,42.307288,-83.70443,11
14830,NY,42.140881,-77.04793,2
10024,NY,40.786387,-73.97709,6
80202,CO,39.751586,-104.99699,2
76031,TX,32.343115,-97.40081,1
85016,AZ,33.503742,-112.03235,2
31602,GA,30.866613,-83.30078,1
34683,FL,28.076744,-82.76116,1
94015,CA,37.682583,-122.48209,1
30605,GA,33.925085,-83.34529,2
90066,CA,34.002011,-118.43083,5
92027,CA,33.142706,-117.03049,1
45432,OH,39.74035,-84.09306,1
75165,TX,32.397024,-96.83283,1
92308,CA,34.447959,-117.19222,2
28655,NC,35.742752,-81.71625,1
71106,LA,32.426104,-93.74542,1
92831,CA,33.878981,-117.89325,2
98226,WA,48.759079,-122.43597,2
91324,CA,34.240353,-118.55038,3
20744,MD,38.756347,-76.99034,1
30338,GA,33.942751,-84.31769,1
72762,AR,36.186059,-94.1937,1
92084,CA,33.213309,-117.21474,4
91901,CA,32.823102,-116.73864,1
92056,CA,33.195354,-117.28232,1
92173,CA,32.556264,-117.05057,1
48009,MI,42.544084,-83.21527,2
37212,TN,36.133251,-86.80057,1
98642,WA,45.795825,-122.69804,1
07869,NJ,40.847649,-74.5748,1
91105,CA,34.137857,-118.16329,1
98199,WA,47.64767,-122.39758,1
98380,WA,47.596122,-122.89456,1
06032,CT,41.725195,-72.83032,1
97838,OR,45.846442,-119.28423,1
60538,IL,41.721886,-88.32972,1
60513,IL,41.822681,-87.84753,2
01060,MA,42.324539,-72.63561,6
20110,VA,38.752269,-77.47694,2
76240,TX,33.627942,-97.13636,1
45387,OH,39.797227,-83.89239,1
85716,AZ,32.242275,-110.92533,1
08033,NJ,39.895213,-75.04019,2
91505,CA,34.166906,-118.34366,8
49345,MI,43.161106,-85.69952,1
21015,MD,39.532212,-76.30754,1
43056,OH,40.017096,-82.34322,1
96753,HI,20.771418,-156.45769,2
21044,MD,39.21536,-76.87823,2
10009,NY,40.727093,-73.97864,5
97478,OR,44.070824,-122.90709,1
97030,OR,45.507752,-122.4323,2
21030,MD,39.477506,-76.64114,3
94941,CA,37.898058,-122.54134,3
29706,SC,34.720597,-81.21429,1
48116,MI,42.509476,-83.77718,3
44622,OH,40.537509,-81.48791,1
45244,OH,39.119161,-84.33389,2
10016,NY,40.74618,-73.97759,13
80020,CO,39.93404,-105.05454,1
48197,MI,42.223482,-83.63316,9
92262,CA,33.842984,-116.54344,1
43615,OH,41.6522,-83.67037,3
19103,PA,39.952162,-75.17406,4
27615,NC,35.891726,-78.63203,2
94930,CA,37.98779,-122.59962,3
98136,WA,47.538887,-122.38803,1
89113,NV,36.067495,-115.26039,1
80110,CO,39.646847,-104.99076,1
19116,PA,40.117413,-75.0154,2
92014,CA,32.961812,-117.25967,1
92064,CA,32.973645,-117.03701,1
99224,WA,47.632573,-117.49326,1
92129,CA,32.961014,-117.1251,2
32608,FL,29.611545,-82.3941,2
19004,PA,40.012862,-75.23309,4
48098,MI,42.599133,-83.15235,1
48823,MI,42.747922,-84.47143,4
20706,MD,38.964093,-76.85331,3
10004,NJ,40.699226,-74.04118,1
02780,MA,41.904888,-71.10288,4
45678,OH,38.615111,-82.38004,1
92109,CA,32.791246,-117.24343,4
98102,WA,47.63287,-122.32253,9
15748,PA,40.529621,-79.14264,1
62558,IL,39.580159,-89.54402,1
07043,NJ,40.844199,-74.20218,2
19320,PA,39.978456,-75.82275,1
08003,NJ,39.879713,-74.9719,1
53220,WI,42.969115,-87.99141,1
01960,MA,42.534045,-70.96146,1
77064,TX,29.923638,-95.55919,2
48315,MI,42.662902,-82.99392,1
10310,NY,40.63212,-74.11551,1
92115,CA,32.7603,-117.07031,3
30004,GA,34.119177,-84.30292,1
02576,MA,41.776042,-70.75783,1
03054,NH,42.858053,-71.51216,2
11220,NY,40.641436,-74.01574,1
60044,IL,42.286222,-87.86309,1
30906,GA,33.387089,-82.01237,1
95616,CA,38.549256,-121.73655,9
93455,CA,34.87455,-120.42806,1
94559,CA,38.291164,-122.28671,1
00918,PR,18.417668,-66.06494,1
92675,CA,33.500843,-117.65866,1
74135,OK,36.101245,-95.92475,1
34677,FL,28.042799,-82.67737,1
03848,NH,42.923643,-71.06236,1
20015,DC,38.96516,-77.06737,2
97303,OR,44.984008,-123.01992,2
19803,DE,39.793962,-75.53401,2
19425,PA,40.089905,-75.64124,1
82601,WY,42.896822,-106.29799,2
15956,PA,40.358541,-78.78201,1
28036,NC,35.490772,-80.82576,1
02081,MA,42.145237,-71.25375,1
02346,MA,41.889582,-70.89406,1
76309,TX,33.892447,-98.53215,1
94306,CA,37.419389,-122.13273,8
92801,CA,33.844814,-117.95381,2
87004,NM,35.32151,-106.55322,1
77477,TX,29.626187,-95.57145,1
53404,WI,42.743169,-87.80534,2
62225,IL,38.544298,-89.85054,2
75225,TX,32.862876,-96.7904,2
95002,CA,37.427439,-121.97521,1
97302,OR,44.906492,-123.05129,1
75214,TX,32.825628,-96.74872,3
18360,PA,40.98314,-75.26026,1
75040,TX,32.920574,-96.62639,1
48133,MI,41.777302,-83.49818,1
73069,OK,35.228649,-97.45629,3
97321,OR,44.635395,-123.0896,2
97213,OR,45.53704,-122.59979,3
11235,NY,40.583803,-73.95019,2
46060,IN,40.050109,-85.99815,1
59457,MT,47.054233,-109.48065,1
50265,IA,41.570916,-93.73568,6
91344,CA,34.277648,-118.50047,2
94402,CA,37.551586,-122.32773,4
02151,MA,42.416247,-71.00525,2
77581,TX,29.56218,-95.26982,1
20036,DC,38.906778,-77.04148,4
13045,NY,42.591109,-76.19217,3
07601,NJ,40.888678,-74.0488,1
72211,AR,34.749723,-92.41345,1
27606,NC,35.758268,-78.71783,2
95661,CA,38.731976,-121.2531,1
98115,WA,47.68382,-122.30122,10
08854,NJ,40.555355,-74.46094,2
68144,NE,41.235248,-96.11505,2
48170,MI,42.370837,-83.4856,1
27705,NC,36.015992,-78.95911,4
03226,NH,43.721094,-71.49652,1
34695,FL,28.005639,-82.69511,1
98225,WA,48.747578,-122.48508,6
08826,NJ,40.716332,-74.91405,2
37853,TN,35.834126,-83.93452,2
94105,CA,37.789228,-122.3957,2
49525,MI,43.022199,-85.61168,1
60504,IL,41.760067,-88.25218,1
92626,CA,33.677224,-117.90863,2
08753,NJ,39.974584,-74.15141,2
80439,CO,39.642572,-105.36812,1
77059,TX,29.601776,-95.11734,1
60090,IL,42.131526,-87.92958,1
06417,CT,41.37934,-72.44578,2
60605,IL,41.860019,-87.6187,2
90241,CA,33.942289,-118.12901,2
02324,MA,41.979501,-70.97215,1
93003,CA,34.268736,-119.2249,2
44319,OH,40.990922,-81.52953,1
19104,PA,39.961612,-75.19957,5
97215,OR,45.514241,-122.60089,5
60551,IL,41.527585,-88.68292,1
10017,NY,40.752159,-73.97231,2
02718,MA,41.876249,-71.01827,1
90504,CA,33.870414,-118.33065,2
78701,TX,30.27127,-97.74103,1
02632,MA,41.658718,-70.34658,3
91789,CA,34.018361,-117.85438,1
13031,NY,43.039916,-76.28757,2
11788,NY,40.819266,-73.20967,1
22309,VA,38.725214,-77.10734,1
60012,IL,42.265643,-88.31664,1
12570,NY,41.614667,-73.67709,1
90038,CA,34.089459,-118.3285,4
19114,PA,40.064257,-75.00155,1
90274,CA,33.784099,-118.38752,3
13165,NY,42.911377,-76.87027,2
12047,NY,42.773777,-73.70793,1
93420,CA,35.119678,-120.55116,1
84770,UT,37.118352,-113.5987,2
43623,OH,41.707649,-83.64363,2
94024,CA,37.353741,-122.08717,2
94025,CA,37.451688,-122.18385,7
80260,CO,39.868635,-105.00805,1
98101,WA,47.61067,-122.33438,3
92618,CA,33.659639,-117.73948,1
75226,TX,32.783978,-96.77662,1
46805,IN,41.098248,-85.12061,1
30328,GA,33.931746,-84.37817,1
33024,FL,26.023567,-80.23851,1
53545,WI,42.69146,-89.04277,2
90278,CA,33.871214,-118.37177,2
33334,FL,26.182161,-80.13341,3
30253,GA,33.455031,-84.17215,1
98026,WA,47.821568,-122.33651,1
48314,MI,42.609789,-83.04844,2
07017,NJ,40.770933,-74.20589,1
70448,LA,30.367119,-90.05999,1
90020,CA,34.06646,-118.30863,4
45014,OH,39.330356,-84.55277,2
94030,CA,37.600735,-122.40135,1
91780,CA,34.101608,-118.05606,1
44256,OH,41.139849,-81.85646,2
01453,MA,42.526523,-71.75358,1
48186,MI,42.293787,-83.37464,1
91030,CA,34.112958,-118.15577,5
95503,CA,40.757091,-124.1513,1
20716,MD,38.93193,-76.72457,1
91326,CA,34.276154,-118.54581,1
94598,CA,37.91878,-122.02618,3
92354,CA,34.050764,-117.25327,1
97374,OR,44.702164,-122.81401,1
98031,WA,47.388461,-122.19644,2
90712,CA,33.851965,-118.1468,1
44077,OH,41.716094,-81.2396,1
49544,MI,42.999561,-85.75371,1
77459,TX,29.564347,-95.54762,1
97222,OR,45.442634,-122.61833,1
84112,UT,40.76784,-111.83805,1
97006,OR,45.517695,-122.85826,1
46814,IN,41.044502,-85.30984,1
33764,FL,27.932797,-82.74115,1
43617,OH,41.667361,-83.71609,2
12590,NY,41.59466,-73.89579,1
94127,CA,37.734964,-122.4597,2
10027,NY,40.812665,-73.95499,7
60089,IL,42.167638,-87.96393,2
94558,CA,38.337243,-122.30027,3
23602,VA,37.115698,-76.5183,1
90292,CA,33.976373,-118.45458,6
94118,CA,37.782029,-122.46158,6
13207,NY,43.020116,-76.16406,3
12206,NY,42.669645,-73.77719,1
19134,PA,39.991712,-75.11116,2
52162,IA,43.104035,-91.5526,1
60102,IL,42.17315,-88.31849,2
02125,MA,42.316852,-71.05811,2
61081,IL,41.813776,-89.70537,1
07087,NJ,40.767751,-74.0302,1
48219,MI,42.425236,-83.24902,2
95125,CA,37.295092,-121.89649,3
60515,IL,41.80348,-88.01827,1
43235,OH,40.099204,-83.05567,2
94519,CA,37.984271,-122.01437,2
91006,CA,34.134057,-118.02662,2
48316,MI,42.689632,-83.06154,2
32720,FL,29.021782,-81.33352,1
50111,IA,41.67822,-93.7935,3
11803,NY,40.779911,-73.47948,2
10014,NY,40.734718,-74.00532,9
22030,VA,38.846212,-77.32787,7
80461,CO,39.231776,-106.31399,1
10573,NY,41.010376,-73.67326,1
48188,MI,42.289354,-83.47401,1
94134,CA,37.719581,-122.41085,1
76205,TX,33.16156,-97.10376,1
10002,NY,40.71704,-73.987,5
84101,UT,40.754746,-111.89875,1
20879,MD,39.168656,-77.18716,2
40205,KY,38.22292,-85.68326,2
81301,CO,37.295888,-107.84945,2
18104,PA,40.601996,-75.52104,2
12203,NY,42.678112,-73.82983,1
10028,NY,40.776777,-73.9541,5
54401,WI,44.958382,-89.6693,3
49506,MI,42.945727,-85.61899,4
19123,PA,39.964012,-75.14764,1
37343,TN,35.167987,-85.21158,2
39567,MS,30.362203,-88.5469,1
94041,CA,37.38949,-122.07846,3
06360,CT,41.533848,-72.06232,2
98312,WA,47.564437,-122.71293,1
97801,OR,45.665146,-118.789,1
98541,WA,47.03575,-123.40713,1
94607,CA,37.806427,-122.28898,2
98125,WA,47.716648,-122.30308,3
92630,CA,33.640223,-117.69108,5
94611,CA,37.827126,-122.22289,3
92867,CA,33.811566,-117.82919,2
78750,TX,30.438933,-97.80383,4
91504,CA,34.201254,-118.32993,1
94904,CA,37.950069,-122.54284,2
60074,IL,42.143819,-88.02546,1
11217,NY,40.68209,-73.97783,6
90036,CA,34.07036,-118.34926,3
75244,TX,32.922624,-96.83616,1
33615,FL,28.005446,-82.57776,2
02038,MA,42.089104,-71.4069,3
10475,NY,40.878522,-73.82541,1
85282,AZ,33.394067,-111.92873,3
94111,CA,37.798228,-122.40027,6
97203,OR,45.589689,-122.73875,1
64068,MO,39.246179,-94.41763,1
75703,TX,32.264365,-95.31347,1
75082,TX,32.993405,-96.65901,1
76051,TX,32.93195,-97.08498,2
92866,CA,33.785091,-117.84569,2
60153,IL,41.880281,-87.84455,2
68154,NE,41.264952,-96.11422,1
50310,IA,41.625988,-93.67403,3
98028,WA,47.75287,-122.24736,1
94014,CA,37.699182,-122.45035,4
98626,WA,46.150433,-122.88566,1
34639,FL,28.233671,-82.45463,1
11218,NY,40.644552,-73.97595,1
75230,TX,32.901176,-96.79054,3
12159,NY,42.646978,-73.87151,2
60194,IL,42.037108,-88.10719,2
95117,CA,37.311042,-121.96162,1
12065,NY,42.853676,-73.78445,1
02840,RI,41.488002,-71.31262,1
06460,CT,41.21953,-73.0554,3
10805,NY,40.897783,-73.77933,1
14228,NY,43.023347,-78.79494,1
95051,CA,37.346241,-121.9846,4
97146,OR,46.136322,-123.91753,1
94108,CA,37.792678,-122.40793,4
11434,NY,40.674888,-73.7727,1
94560,CA,37.535586,-122.03362,2
43420,OH,41.35307,-83.11217,1
27607,NC,35.807458,-78.70086,2
11375,NY,40.720535,-73.84582,2
13088,NY,43.105917,-76.19365,3
98034,WA,47.71828,-122.19702,4
95926,CA,39.745973,-121.84259,2
94040,CA,37.380207,-122.08787,2
91706,CA,34.087108,-117.96966,1
34116,FL,26.183424,-81.70643,1
49508,MI,42.876661,-85.62856,2
10918,NY,41.35648,-74.26072,1
14895,NY,42.094855,-77.94686,1
75069,TX,33.195073,-96.60363,2
01915,MA,42.560995,-70.8757,3
97214,OR,45.51379,-122.6458,4
89509,NV,39.496243,-119.83072,1
50266,IA,41.581181,-93.78287,1
12308,NY,42.820909,-73.92002,1
92821,CA,33.923463,-117.89559,3
91403,CA,34.152513,-118.46396,4
32750,FL,28.703674,-81.35384,2
65270,MO,39.420353,-92.4344,1
58078,ND,46.875367,-96.90503,1
19806,DE,39.758563,-75.56413,3
98058,WA,47.448322,-122.14584,1
90262,CA,33.924642,-118.20186,1
07026,NJ,40.879858,-74.10807,2
94702,CA,37.865026,-122.2859,3
87107,NM,35.134094,-106.64073,1
19801,DE,39.738563,-75.54833,1
99352,WA,46.279657,-119.28137,1
20723,MD,39.134062,-76.8579,2
90006,CA,34.048351,-118.2943,1
06430,CT,41.163445,-73.2629,3
55901,MN,44.048931,-92.49459,2
10804,NY,40.946805,-73.78797,1
94578,CA,37.703427,-122.128,1
90601,CA,34.002333,-118.03562,2
53713,WI,43.037647,-89.39154,4
33445,FL,26.459571,-80.10582,2
91911,CA,32.608799,-117.0607,3
53704,WI,43.121416,-89.34968,4
90046,CA,34.098908,-118.36241,6
08107,NJ,39.908163,-75.08618,1
94089,CA,37.406289,-122.00838,2
98122,WA,47.61157,-122.30406,4
85035,AZ,33.472492,-112.1875,1
22901,VA,38.072402,-78.50149,3
10472,NY,40.830409,-73.86845,1
95336,CA,37.812815,-121.21416,1
01375,MA,42.449978,-72.56302,1
55934,MN,44.006609,-92.24856,1
28209,NC,35.178543,-80.85375,1
08872,NJ,40.461605,-74.3474,1
94070,CA,37.499175,-122.26655,2
21401,MD,38.997511,-76.49803,1
40204,KY,38.23862,-85.72626,1
91011,CA,34.211171,-118.19776,1
94549,CA,37.895695,-122.11785,1
49505,MI,43.000076,-85.64785,1
97005,OR,45.49106,-122.80359,2
89102,NV,36.145303,-115.18358,1
21222,MD,39.263162,-76.5082,1
98037,WA,47.848237,-122.28348,2
94520,CA,37.986321,-122.03988,3
54729,WI,44.932711,-91.38877,2
98055,WA,47.467422,-122.21005,1
91106,CA,34.142557,-118.12715,3
98109,WA,47.630648,-122.34675,3
17522,PA,40.174994,-76.17619,1
17112,PA,40.343261,-76.7808,1
94704,CA,37.868575,-122.25855,3
90012,CA,34.061611,-118.23944,3
90732,CA,33.736718,-118.31123,1
19444,PA,40.087297,-75.2557,1
95472,CA,38.393314,-122.83666,3
08055,NJ,39.865272,-74.8185,3
80027,CO,39.963322,-105.15053,2
95132,CA,37.405989,-121.84775,1
95405,CA,38.438161,-122.67419,5
75063,TX,32.916865,-96.97349,1
29201,SC,33.998454,-81.03519,1
97007,OR,45.469079,-122.85602,1
95420,CA,39.365356,-123.80469,1
11106,NY,40.762012,-73.93147,4
90248,CA,33.870466,-118.28813,1
06511,CT,41.317197,-72.92798,6
75075,TX,33.024721,-96.74038,2
92620,CA,33.714889,-117.7633,1
94501,CA,37.769528,-122.25937,4
77096,TX,29.674336,-95.48123,2
94132,CA,37.724231,-122.47958,3
54481,WI,44.524054,-89.55621,2
07054,NJ,40.860149,-74.4171,1
80538,CO,40.435645,-105.08726,4
90638,CA,33.90213,-118.00966,2
07644,NJ,40.877999,-74.08265,1
60201,IL,42.056391,-87.69684,10
90505,CA,33.810848,-118.35096,2
38104,TN,35.133825,-90.00463,1
77341,TX,30.714476,-95.54977,1
80220,CO,39.734387,-104.91678,1
02139,MA,42.364347,-71.10431,11
19343,PA,40.094621,-75.74602,1
12188,NY,42.80535,-73.68976,1
92688,CA,33.639994,-117.60351,3
90041,CA,34.137557,-118.20765,1
08550,NJ,40.292358,-74.60902,2
94539,CA,37.515014,-121.92916,1
08902,NJ,40.453131,-74.48287,3
11102,NY,40.771286,-73.92462,2
95003,CA,36.979333,-121.8944,2
48324,MI,42.595233,-83.39974,1
53154,WI,42.884347,-87.8992,2
95831,CA,38.494971,-121.53059,1
38120,TN,35.124818,-89.86562,1
94506,CA,37.804064,-121.91202,3
95209,CA,38.035499,-121.34378,2
78230,TX,29.539562,-98.55253,3
94903,CA,38.019022,-122.54589,1
97266,OR,45.478641,-122.56233,1
60462,IL,41.623532,-87.83542,2
43613,OH,41.703899,-83.605,1
12184,NY,42.426901,-73.66405,1
83001,WY,43.468383,-110.75714,2
02446,MA,42.344747,-71.12141,5
22601,VA,39.179076,-78.16653,1
02359,MA,42.065554,-70.80426,1
23464,VA,36.799284,-76.17767,1
12054,NY,42.614979,-73.84086,1
10549,NY,41.204027,-73.73045,3
63146,MO,38.688585,-90.44689,2
20901,MD,39.020359,-77.0115,2
11580,NY,40.673,-73.70346,1
20008,DC,38.934866,-77.06039,4
64116,MO,39.14912,-94.57314,1
17013,PA,40.203458,-77.19987,1
10039,NY,40.826181,-73.9371,1
11214,NY,40.598994,-73.99611,1
43611,OH,41.703379,-83.49003,1
87123,NM,35.067447,-106.50645,2
01096,MA,42.415236,-72.78271,1
78731,TX,30.344305,-97.7638,4
77550,TX,29.298448,-94.79316,1
07701,NJ,40.352953,-74.07703,3
75093,TX,33.03505,-96.80492,4
98033,WA,47.67903,-122.1934,5
02155,MA,42.419846,-71.10942,3
77479,TX,29.573345,-95.63213,1
81007,CO,38.333601,-104.74329,1
94949,CA,38.06317,-122.54111,2
22201,VA,38.885337,-77.09512,4
10705,NY,40.917281,-73.89142,1
45701,OH,39.322847,-82.09728,2
92315,CA,34.241295,-116.90328,1
77351,TX,30.712538,-94.89915,1
30308,GA,33.771755,-84.38065,1
22043,VA,38.901311,-77.19777,4
26501,WV,39.628475,-79.98796,1
78411,TX,27.733058,-97.38542,2
92683,CA,33.751418,-117.99392,1
76548,TX,31.068459,-97.65552,1
92646,CA,33.666269,-117.9693,4
08234,NJ,39.398172,-74.59667,1
13326,NY,42.703091,-74.91413,1
28270,NC,35.113906,-80.7613,2
06830,CT,41.03073,-73.62985,1
03867,NH,43.304163,-70.99816,1
11354,NY,40.767969,-73.82496,1
16101,PA,40.992023,-80.32747,2
44060,OH,41.688162,-81.33378,1
44139,OH,41.388387,-81.44365,1
48843,MI,42.612243,-83.91835,1
11423,NY,40.714261,-73.76824,1
07746,NJ,40.316876,-74.26112,1
04330,ME,44.344406,-69.76345,1
10010,NY,40.739022,-73.98205,3
90028,CA,34.098859,-118.32745,3
91355,CA,34.406519,-118.56214,1
94514,CA,37.847704,-121.60812,1
99701,AK,64.83507,-147.72045,2
38340,TN,35.414454,-88.66118,1
97212,OR,45.54424,-122.64353,2
60612,IL,41.880682,-87.6877,2
95610,CA,38.696912,-121.27125,1
95819,CA,38.568855,-121.44099,1
62002,IL,38.906065,-90.15909,1
90813,CA,33.781011,-118.19197,1
98118,WA,47.543348,-122.27496,1
98208,WA,47.893451,-122.19797,1
94044,CA,37.613806,-122.48229,4
94507,CA,37.856683,-122.02488,1
99703,AK,64.827164,-147.6265,1
94577,CA,37.722279,-122.15702,1
77845,TX,30.571905,-96.29882,2
76707,TX,31.552266,-97.15957,1
87505,NM,35.616662,-105.97926,3
15241,PA,40.329619,-80.07364,1
98516,WA,47.085046,-122.78376,1
95602,CA,38.976837,-121.09142,2
95320,CA,37.797806,-121.00179,1
98368,WA,48.100255,-122.79736,1
93933,CA,36.678155,-121.79724,1
98043,WA,47.790969,-122.30539,1
95816,CA,38.571661,-121.46827,2
97116,OR,45.541009,-123.13043,2
91301,CA,34.139536,-118.7607,1
97123,OR,45.491024,-122.95745,1
97070,OR,45.308105,-122.77266,1
95380,CA,37.48858,-120.85196,3
95833,CA,38.616891,-121.49623,2
94062,CA,37.444879,-122.26253,2
34243,FL,27.407657,-82.52923,2
98465,WA,47.247735,-122.52818,1
85301,AZ,33.534128,-112.1767,1
98684,WA,45.627459,-122.52023,1
98116,WA,47.57487,-122.39392,1
97206,OR,45.482341,-122.60007,1
95765,CA,38.817993,-121.2631,1
97233,OR,45.513242,-122.49985,1
77047,TX,29.616182,-95.37767,1
98926,WA,47.009726,-120.52364,1
85033,AZ,33.496091,-112.21405,1
95070,CA,37.270543,-122.02305,2
64106,MO,39.103704,-94.57311,1
30134,GA,33.769636,-84.74967,1
73003,OK,35.681402,-97.5331,1
47421,IN,38.865549,-86.46897,1
43212,OH,39.988114,-83.04268,2
53406,WI,42.730807,-87.85827,2
43229,OH,40.085313,-82.97326,3
60523,IL,41.837716,-87.96041,1
70043,LA,29.946404,-89.96118,1
72058,AR,35.236993,-92.37573,2
60103,IL,41.977477,-88.17257,1
00961,PR,18.412462,-66.16033,1
67218,KS,37.670092,-97.27953,1
60160,IL,41.89988,-87.85978,1
50317,IA,41.606939,-93.54829,1
11710,NY,40.673438,-73.53382,1
60137,IL,41.869779,-88.06285,3
91601,CA,34.168206,-118.37246,1
13655,NY,44.98184,-74.67374,2
43725,OH,40.025859,-81.59243,1
94602,CA,37.799727,-122.21211,5
00606,PR,18.182151,-66.9588,1
46614,IN,41.626588,-86.24804,1
77079,TX,29.773018,-95.60125,3
91107,CA,34.151066,-118.08974,6
08109,NJ,39.949979,-75.05024,1
77566,TX,29.036879,-95.44103,1
50325,IA,41.60787,-93.78093,1
33157,FL,25.606583,-80.34859,1
10040,NY,40.858704,-73.92853,2
77024,TX,29.773994,-95.51771,1
27028,NC,35.920477,-80.57143,1
75149,TX,32.767329,-96.60759,2
75206,TX,32.826128,-96.7712,2
33067,FL,26.3007,-80.22727,1
90016,CA,34.029711,-118.35255,1
76248,TX,32.92704,-97.2506,2
75205,TX,32.836094,-96.79524,1
75067,TX,33.020118,-97.00771,1
79605,TX,32.432975,-99.77096,3
75044,TX,32.960375,-96.66188,1
90680,CA,33.803565,-117.99596,2
99003,WA,47.921687,-117.29378,1
70115,LA,29.927305,-90.10197,2
45801,OH,40.759451,-84.08458,1
17022,PA,40.160793,-76.60763,1
78133,TX,29.883884,-98.25219,1
22181,VA,38.896361,-77.29102,3
08009,NJ,39.779582,-74.9365,1
23454,VA,36.838398,-76.02862,4
19152,PA,40.059611,-75.04837,1
19146,PA,39.938512,-75.18067,1
53523,WI,42.99273,-89.02274,1
20878,MD,39.11755,-77.23548,3
20724,MD,39.101646,-76.80334,1
20852,MD,39.0509,-77.12261,2
52003,IA,42.460604,-90.68576,5
22204,VA,38.860247,-77.09627,1
70118,LA,29.952305,-90.12347,3
22314,VA,38.806163,-77.05139,2
22401,VA,38.301829,-77.47077,1
22032,VA,38.821753,-77.29293,2
22031,VA,38.859675,-77.26167,1
12189,NY,42.729278,-73.70913,1
08825,NJ,40.509998,-75.03239,1
90035,CA,34.05266,-118.38531,4
30707,GA,34.827019,-85.32883,1
56007,MN,43.652042,-93.36916,1
45249,OH,39.278295,-84.33049,1
43315,OH,40.490756,-82.87312,1
43560,OH,41.706383,-83.7102,1
49265,MI,42.020199,-84.16796,1
07721,NJ,40.435961,-74.23734,1
07302,NJ,40.721602,-74.04703,1
12180,NY,42.731628,-73.66465,1
53190,WI,42.818747,-88.73279,2
14433,NY,43.07351,-76.87557,1
10990,NY,41.259896,-74.35837,1
11501,NY,40.747188,-73.63808,1
08817,NJ,40.516104,-74.39754,1
07940,NJ,40.75875,-74.41609,1
95037,CA,37.137595,-121.66211,1
60047,IL,42.199957,-88.05859,1
11747,NY,40.791593,-73.40543,1
12582,NY,41.549525,-73.72745,1
59602,MT,46.696501,-111.96895,1
10036,NY,40.759511,-73.99019,6
92346,CA,34.12716,-117.20073,2
93004,CA,34.278812,-119.16784,1
59715,MT,45.707153,-110.9878,4
66049,KS,38.97583,-95.30399,1
95129,CA,37.307742,-121.99976,3
94606,CA,37.793177,-122.24352,3
95148,CA,37.330496,-121.79141,1
85248,AZ,33.239097,-111.86355,1
46774,IN,41.081548,-84.98664,2
02127,MA,42.33499,-71.04562,2
94107,CA,37.766529,-122.39577,7
90069,CA,34.090975,-118.3813,7
29732,SC,34.969427,-81.0509,1
92352,CA,34.25629,-117.19132,1
94521,CA,37.957772,-121.97709,1
93108,CA,34.433687,-119.63184,1
95124,CA,37.256743,-121.92312,1
91335,CA,34.200104,-118.54099,1
89119,NV,36.088922,-115.13905,1
91101,CA,34.146607,-118.1391,2
93536,CA,34.728857,-118.32683,1
90401,CA,34.01491,-118.4922,2
30115,GA,34.194029,-84.43884,2
91311,CA,34.259052,-118.59426,1
94804,CA,37.926509,-122.3408,1
89146,NV,36.141119,-115.22493,1
92805,CA,33.835665,-117.90807,2
91325,CA,34.235055,-118.51766,2
95126,CA,37.326341,-121.9178,1
01938,MA,42.682965,-70.84007,1
90405,CA,34.009276,-118.47286,3
92704,CA,33.724167,-117.90623,2
94525,CA,38.05282,-122.2234,1
80122,CO,39.582604,-104.95834,1
92780,CA,33.741651,-117.82127,1
94303,CA,37.449888,-122.12749,5
90026,CA,34.07851,-118.26596,3
90630,CA,33.817481,-118.0399,2
92886,CA,33.888062,-117.80407,2
95404,CA,38.457611,-122.69317,2
94550,CA,37.65778,-121.73011,4
94703,CA,37.862526,-122.27582,5
95014,CA,37.317909,-122.04779,4
92335,CA,34.088911,-117.45213,1
91351,CA,34.424794,-118.44513,1
91501,CA,34.186755,-118.30153,1
93111,CA,34.443529,-119.80297,2
92595,CA,33.614385,-117.2608,1
49024,MI,42.216541,-85.61773,1
91402,CA,34.223753,-118.44322,1
03109,NH,42.972584,-71.41349,1
44280,OH,41.230745,-81.92477,1
23185,VA,37.256301,-76.70024,3
17055,PA,40.215939,-76.99827,2
60914,IL,41.170442,-87.86891,2
91941,CA,32.761801,-117.01273,3
89523,NV,39.523088,-119.89808,1
48304,MI,42.586677,-83.22956,2
93637,CA,36.914819,-120.15817,1
92116,CA,32.76235,-117.12246,3
85258,AZ,33.566635,-111.89337,2
89052,NV,35.979863,-115.09895,1
80230,CO,39.721763,-104.89627,1
92111,CA,32.804972,-117.16871,4
97361,OR,44.789252,-123.30325,2
58703,ND,48.277024,-101.31942,1
02726,MA,41.754828,-71.14894,1
43357,OH,40.254824,-83.751,1
80303,CO,39.989135,-105.22883,3
80540,CO,40.253033,-105.33762,1
91977,CA,32.721145,-116.99612,2
62629,IL,39.676558,-89.69902,1
02090,MA,42.212949,-71.20735,1
85257,AZ,33.467347,-111.91741,2
48309,MI,42.662732,-83.18111,3
85259,AZ,33.596995,-111.82628,2
99508,AK,61.203953,-149.8144,1
89012,NV,36.017578,-115.05438,1
85364,AZ,32.704499,-114.64644,1
85621,AZ,31.37737,-110.9264,1
84108,UT,40.744646,-111.81123,2
24018,VA,37.229786,-80.02477,1
02113,MA,42.365028,-71.05636,1
44685,OH,40.961206,-81.42516,1
02136,MA,42.252198,-71.12593,1
80014,CO,39.665637,-104.83421,1
53572,WI,42.985255,-89.73647,2
58601,ND,46.878057,-102.8041,1
66048,KS,39.298776,-94.93555,3
80442,CO,39.949217,-105.83438,1
48220,MI,42.460986,-83.13398,1
81520,CO,39.085981,-108.44444,1
01545,MA,42.286643,-71.72502,7
49456,MI,43.08767,-86.19345,2
60543,IL,41.684896,-88.34177,1
53233,WI,43.037313,-87.93373,1
20783,MD,38.98941,-76.97294,1
35808,AL,34.623075,-86.6647,1
46214,IN,39.792993,-86.28575,1
45011,OH,39.404856,-84.52271,3
61364,IL,41.129482,-88.83666,1
56001,MN,44.15644,-93.99388,2
06614,CT,41.219246,-73.13221,1
03440,NH,43.060424,-71.95068,1
49277,MI,42.395023,-84.46144,1
48021,MI,42.466086,-82.94641,1
44131,OH,41.391753,-81.65816,1
77345,TX,30.062436,-95.16945,1
44614,OH,40.886688,-81.58327,1
91436,CA,34.155625,-118.48925,2
01851,MA,42.630915,-71.33238,1
45212,OH,39.160693,-84.4545,1
02468,MA,42.325247,-71.2319,1
33301,FL,26.121114,-80.13187,2
60060,IL,42.263623,-88.01172,2
02494,MA,42.29813,-71.23154,2
24015,VA,37.258787,-79.97816,1
79358,TX,33.425342,-102.16505,1
37931,TN,35.976063,-84.1182,4
49408,MI,42.575519,-86.12461,1
24179,VA,37.276218,-79.8524,1
06437,CT,41.31353,-72.69791,2
99504,AK,61.204466,-149.74633,1
93906,CA,36.709717,-121.63997,1
46033,IN,39.973731,-86.08875,3
06416,CT,41.612046,-72.66998,1
03110,NH,42.942551,-71.51993,1
49008,MI,42.26549,-85.61098,1
56301,MN,45.526066,-94.20649,2
49417,MI,43.04117,-86.19013,1
44130,OH,41.378051,-81.77945,2
44107,OH,41.480881,-81.80036,3
44646,OH,40.805131,-81.50101,1
43138,OH,39.530972,-82.40801,1
01020,MA,42.175992,-72.57265,1
46807,IN,41.046848,-85.14481,3
53202,WI,43.046213,-87.9005,3
43528,OH,41.626651,-83.73047,2
79068,TX,35.335288,-101.39752,1
01605,MA,42.286543,-71.78846,1
21133,MD,39.376372,-76.79916,1
13148,NY,42.924166,-76.78366,1
13323,NY,43.049536,-75.37656,1
48323,MI,42.572442,-83.37159,2
23186,VA,37.270994,-76.71722,1
48328,MI,42.642302,-83.35133,1
37923,TN,35.928997,-84.07543,7
60618,IL,41.945681,-87.7048,8
17601,PA,40.072246,-76.3155,1
48313,MI,42.598734,-82.99938,1
48044,MI,42.650265,-82.93416,1
49006,MI,42.295005,-85.62247,1
48322,MI,42.541268,-83.37551,2
60061,IL,42.229856,-87.96779,3
58504,ND,46.768617,-100.75381,1
33990,FL,26.63075,-81.95251,1
48504,MI,43.043627,-83.73126,1
24017,VA,37.290886,-79.98256,1
03062,NH,42.724822,-71.49238,2
60035,IL,42.181875,-87.80956,1
24060,VA,37.232027,-80.42127,6
13090,NY,43.152017,-76.22068,3
46802,IN,41.071681,-85.15101,2
32806,FL,28.51483,-81.36054,1
23116,VA,37.662559,-77.36778,1
04456,ME,44.876282,-68.98712,1
21740,MD,39.633946,-77.73025,1
01519,MA,42.201674,-71.68771,1
49546,MI,42.927801,-85.54582,1
49307,MI,43.697651,-85.47815,2
02148,MA,42.428549,-71.06059,4
02356,MA,42.058507,-71.11309,1
12306,NY,42.793326,-73.98942,1
12309,NY,42.800276,-73.88096,1
46737,IN,41.724694,-84.95619,1
04103,ME,43.685882,-70.2903,2
03060,NH,42.748888,-71.46492,2
01607,MA,42.229543,-71.79501,1
01778,MA,42.345583,-71.35643,1
13027,NY,43.165134,-76.33901,2
88119,NM,34.346673,-104.24242,1
46804,IN,41.054247,-85.23878,3
48706,MI,43.607523,-83.9162,1
32607,FL,29.646189,-82.39658,4
46517,IN,41.646499,-85.96923,1
96002,CA,40.539302,-122.33279,1
60641,IL,41.946431,-87.74576,3
33316,FL,26.101114,-80.12931,1
97405,OR,44.004396,-123.12203,4
68508,NE,40.814191,-96.70744,1
50246,IA,42.281552,-93.7952,1
55912,MN,43.671988,-92.97908,1
46556,IN,41.701415,-86.24498,1
95521,CA,40.867469,-124.07519,2
35810,AL,34.77624,-86.61339,1
87122,NM,35.18076,-106.52021,1
95826,CA,38.550098,-121.37492,3
32836,FL,28.401151,-81.52488,1
99203,WA,47.629091,-117.40636,1
60202,IL,42.030327,-87.68828,3
95451,CA,38.939725,-122.78548,3
99114,WA,48.658512,-117.7671,1
99217,WA,47.707542,-117.33776,1
85251,AZ,33.494152,-111.92079,1
28304,NC,35.02844,-78.97037,1
27713,NC,35.905765,-78.92113,5
45245,OH,39.075329,-84.27311,1
60443,IL,41.503468,-87.73695,1
11795,NY,40.713459,-73.3001,1
45403,OH,39.762708,-84.15294,1
27502,NC,35.73663,-78.86462,1
41018,KY,39.013755,-84.60229,1
60148,IL,41.875429,-88.01723,6
27603,NC,35.716105,-78.65734,2
45231,OH,39.242608,-84.5453,1
41011,KY,39.0752,-84.52064,1
45233,OH,39.117065,-84.67173,1
45140,OH,39.258653,-84.2651,1
60613,IL,41.953256,-87.6629,5
60016,IL,42.047178,-87.89058,2
11743,NY,40.867498,-73.41146,1
53718,WI,43.095178,-89.2704,1
07508,NJ,40.945198,-74.18286,1
10006,NY,40.707904,-74.01342,1
88005,NM,32.347752,-106.81463,3
60622,IL,41.900332,-87.66927,7
93940,CA,36.586193,-121.88667,4
44906,OH,40.766056,-82.56749,1
64153,MO,39.281602,-94.71439,1
94931,CA,38.328614,-122.71044,3
60123,IL,42.034776,-88.32393,2
60025,IL,42.07672,-87.81922,3
96815,HI,21.2782,-157.82199,2
61821,IL,40.108631,-88.2733,2
60302,IL,41.893941,-87.78899,4
60187,IL,41.858279,-88.10904,2
85718,AZ,32.31346,-110.92282,1
46324,IN,41.583535,-87.50391,1
96782,HI,21.408333,-157.9669,1
14905,NY,42.087824,-76.83686,1
64117,MO,39.165253,-94.53158,1
60647,IL,41.921126,-87.70085,3
60565,IL,41.728738,-88.12824,1
60007,IL,42.005978,-87.99847,1
46755,IN,41.449897,-85.26765,1
60466,IL,41.472934,-87.68767,1
60010,IL,42.160791,-88.15231,3
60626,IL,42.009731,-87.66938,6
01562,MA,42.247212,-71.99227,2
33317,FL,26.113664,-80.22376,1
44303,OH,41.103205,-81.53625,3
59840,MT,46.214883,-114.14786,1
10033,NY,40.848764,-73.93496,3
70503,LA,30.185867,-92.04706,1
33025,FL,25.990494,-80.27326,1
37877,TN,36.154381,-83.40946,1
60506,IL,41.766029,-88.35254,2
48118,MI,42.316922,-84.03445,1
37774,TN,35.725969,-84.33069,1
14620,NY,43.132474,-77.60377,3
23235,VA,37.522514,-77.56565,1
31401,GA,32.068658,-81.09258,2
39211,MS,32.370544,-90.1297,1
44143,OH,41.550318,-81.48175,1
13035,NY,42.938816,-75.83037,2
01536,MA,42.231444,-71.70523,2
08816,NJ,40.434239,-74.40504,1
32117,FL,29.238606,-81.05316,1
44708,OH,40.810931,-81.42142,1
82604,WY,42.791242,-106.53986,1
06082,CT,41.987238,-72.56365,4
52002,IA,42.50963,-90.75329,1
61021,IL,41.843702,-89.47636,1
13214,NY,43.038099,-76.07635,1
13039,NY,43.171707,-76.09505,1
48130,MI,42.344837,-83.89907,3
22923,VA,38.167465,-78.3259,2
49423,MI,42.765918,-86.10544,5
02478,MA,42.391546,-71.17471,2
94103,CA,37.772329,-122.41087,1
02140,MA,42.393327,-71.12837,4
08901,NJ,40.488304,-74.44775,2
22902,VA,38.00847,-78.47803,3
13131,NY,43.415157,-76.11416,1
48114,MI,42.566097,-83.75725,2
57108,SD,43.488472,-96.72258,1
06043,CT,41.771265,-72.43669,1
50321,IA,41.542789,-93.66189,1
01040,MA,42.201891,-72.6242,2
48169,MI,42.455063,-83.93425,1
13212,NY,43.128534,-76.13931,1
97367,OR,44.950573,-124.00655,2
13146,NY,43.09986,-76.75716,1
49424,MI,42.823232,-86.12726,4
13152,NY,42.897167,-76.38963,1
01604,MA,42.255393,-71.77459,3
50309,IA,41.585939,-93.62004,1
44312,OH,41.034156,-81.43944,2
61270,IL,41.819003,-89.96623,1
13203,NY,43.061116,-76.13733,2
13316,NY,43.377083,-75.74261,1
06074,CT,41.836665,-72.56076,6
13685,NY,43.936173,-76.10295,1
95823,CA,38.477508,-121.44561,1
13078,NY,42.973991,-76.07493,1
01532,MA,42.321917,-71.64692,1
13057,NY,43.074266,-76.05538,1
06040,CT,41.778888,-72.52384,5
13215,NY,42.996804,-76.2177,1
01602,MA,42.272359,-71.84482,1
06108,CT,41.778316,-72.62313,1
75150,TX,32.818392,-96.63355,1
62034,IL,38.75592,-89.97442,1
32224,FL,30.284511,-81.47043,1
33076,FL,26.30116,-80.2731,1
13126,NY,43.449201,-76.47992,1
08021,NJ,39.810485,-74.99574,1
22102,VA,38.938664,-77.22196,1
43201,OH,39.990764,-83.00117,8
11355,NY,40.749463,-73.81941,1
95687,CA,38.34401,-121.95333,1
32024,FL,30.108128,-82.72529,1
37743,TN,36.102325,-82.85446,1
64055,MO,39.053255,-94.4061,3
78065,TX,29.057172,-98.58398,1
01520,MA,42.338962,-71.84434,2
11358,NY,40.760522,-73.79612,1
06071,CT,41.995851,-72.45336,1
01501,MA,42.20361,-71.83843,1
06118,CT,41.745349,-72.60807,1
49503,MI,42.964176,-85.65885,2
22407,VA,38.271028,-77.5559,1
01531,MA,42.317121,-72.12248,1
53045,WI,43.055315,-88.1503,2
06096,CT,41.926997,-72.64688,1
37938,TN,36.113552,-83.93785,2
44306,OH,41.046055,-81.49039,1
02865,RI,41.905666,-71.43023,1
95035,CA,37.436451,-121.89438,1
45243,OH,39.18466,-84.36014,3
01606,MA,42.311342,-71.79531,1
94010,CA,37.574936,-122.36332,2
45255,OH,39.066112,-84.32227,2
01430,MA,42.658768,-71.93287,1
42406,KY,37.743264,-87.73173,1
36830,AL,32.577135,-85.47282,1
49464,MI,42.829252,-85.99621,1
42420,KY,37.825094,-87.56055,6
10038,NY,40.709677,-74.00365,2
03051,NH,42.759821,-71.42079,1
37932,TN,35.919695,-84.17255,2
01612,MA,42.307591,-71.91929,1
55429,MN,45.064714,-93.34155,1
60656,IL,41.97508,-87.8163,1
85040,AZ,33.393323,-112.02857,1
44313,OH,41.123588,-81.57129,4
36067,AL,32.488113,-86.52962,1
33916,FL,26.6435,-81.84418,1
44333,OH,41.144661,-81.61948,1
44224,OH,41.174256,-81.43744,1
44240,OH,41.148756,-81.35302,2
52001,IA,42.515252,-90.6794,3
98683,WA,45.604075,-122.51035,1
83815,ID,47.718227,-116.78897,1
78703,TX,30.290907,-97.76277,4
37772,TN,35.800329,-84.23281,1
90503,CA,33.840264,-118.35587,1
31901,GA,32.471492,-84.98005,1
95746,CA,38.743811,-121.19013,1
55438,MN,44.8257,-93.38212,4
31804,GA,32.651617,-84.88805,1
37843,TN,36.013728,-83.05351,1
37924,TN,36.029987,-83.80705,1
56401,MN,46.352758,-94.16289,1
36109,AL,32.386088,-86.24511,4
29672,SC,34.736907,-82.94599,2
77429,TX,29.982746,-95.66597,1
15209,PA,40.492618,-79.97458,1
37914,TN,35.988528,-83.84981,1
37909,TN,35.947846,-84.01554,1
53806,WI,42.734625,-90.95124,1
11793,NY,40.676649,-73.51122,1
95448,CA,38.614088,-122.87626,1
38558,TN,36.008521,-84.91132,1
95903,CA,39.125997,-121.36637,2
37917,TN,35.991982,-83.91859,2
03431,NH,42.946418,-72.28616,2
37830,TN,35.992691,-84.27044,4
37620,TN,36.561341,-82.16869,1
32444,FL,30.239849,-85.64577,2
37920,TN,35.923517,-83.89042,1
29369,SC,34.865445,-82.02018,2
10522,NY,41.012729,-73.86602,1
02452,MA,42.392496,-71.22153,3
53061,WI,43.949961,-88.09962,1
53207,WI,42.985465,-87.89998,1
84318,UT,41.801888,-111.81535,1
98021,WA,47.790653,-122.22021,1
53132,WI,42.896145,-88.00891,1
43230,OH,40.039963,-82.87855,1
34786,FL,28.495982,-81.5362,1
94022,CA,37.37714,-122.12412,3
06451,CT,41.536048,-72.81973,1
45248,OH,39.160159,-84.65042,1
95005,CA,37.084347,-122.08524,1
20151,VA,38.889111,-77.4363,1
94536,CA,37.562218,-121.99433,2
77099,TX,29.668489,-95.5869,1
91411,CA,34.178305,-118.45858,1
12538,NY,41.779541,-73.90155,1
19610,PA,40.335023,-75.97099,1
94563,CA,37.878625,-122.18296,1
64081,MO,38.908657,-94.40285,1
78737,TX,30.19025,-97.95854,1
80004,CO,39.81431,-105.12263,1
31047,GA,32.509384,-83.64773,1
48152,MI,42.427835,-83.36299,1
20866,MD,39.097243,-76.93467,1
19312,PA,40.037958,-75.44986,2
27613,NC,35.899208,-78.71161,2
19126,PA,40.055411,-75.13793,1
45459,OH,39.644609,-84.16931,2
75013,TX,33.106582,-96.69402,1
34285,FL,27.091783,-82.44846,1
48178,MI,42.45644,-83.66673,1
55391,MN,44.963063,-93.52912,6
07719,NJ,40.175357,-74.04694,1
92120,CA,32.794449,-117.07221,4
15205,PA,40.436618,-80.07289,1
21029,MD,39.198816,-76.9367,1
02657,MA,42.053355,-70.18947,1
60081,IL,42.441869,-88.22167,1
53538,WI,42.924942,-88.84813,1
95677,CA,38.789165,-121.23825,1
46304,IN,41.616263,-87.05883,1
27516,NC,35.912786,-79.10931,3
30345,GA,33.851736,-84.28412,2
61910,IL,39.676634,-88.30284,1
06877,CT,41.297911,-73.49178,1
15237,PA,40.552768,-80.03227,2
78704,TX,30.246309,-97.76087,4
07728,NJ,40.241036,-74.27629,2
15701,PA,40.626307,-79.16146,4
06403,CT,41.432936,-73.06453,1
06405,CT,41.277763,-72.80542,2
80236,CO,39.652454,-105.04089,1
19428,PA,40.077736,-75.30509,1
33073,FL,26.305433,-80.18287,1
99005,WA,47.844289,-117.37274,1
45215,OH,39.228859,-84.45707,2
18049,PA,40.533597,-75.49822,1
27707,NC,35.963994,-78.93602,2
80126,CO,39.544549,-104.96808,2
75080,TX,32.969523,-96.74093,3
11779,NY,40.818826,-73.1187,1
84010,UT,40.876312,-111.87249,1
48336,MI,42.458502,-83.3464,2
66224,KS,38.862007,-94.62127,1
32837,FL,28.385906,-81.41182,2
47403,IN,39.121719,-86.57409,1
28704,NC,35.459869,-82.54142,1
02021,MA,42.166776,-71.1343,3
52402,IA,42.021016,-91.65231,3
98443,WA,47.202874,-122.37678,1
63128,MO,38.500734,-90.37113,1
08043,NJ,39.851969,-74.96128,2
24541,VA,36.581085,-79.45027,2
54220,WI,44.096194,-87.68919,2
04096,ME,43.801773,-70.17932,2
77040,TX,29.878345,-95.53337,2
98664,WA,45.62104,-122.57947,1
66204,KS,38.992255,-94.67528,3
49707,MI,45.08583,-83.46411,1
01864,MA,42.583436,-71.0982,1
60188,IL,41.918578,-88.13688,1
02116,MA,42.349622,-71.07372,1
85283,AZ,33.365951,-111.93155,2
08805,NJ,40.567953,-74.54034,1
54915,WI,44.244753,-88.37783,3
24210,VA,36.728639,-82.00845,2
72949,AR,35.549469,-93.81819,1
87031,NM,34.786133,-106.70536,1
74128,OK,36.146577,-95.85194,1
30117,GA,33.588486,-85.1062,1
65201,MO,38.926838,-92.29003,1
52803,IA,41.538582,-90.56223,1
72764,AR,36.182407,-94.1082,1
44115,OH,41.493501,-81.67125,1
01075,MA,42.234891,-72.58243,1
33953,FL,27.012758,-82.2112,1
96822,HI,21.31275,-157.82195,1
96825,HI,21.2946,-157.69721,1
96826,HI,21.2951,-157.83066,1
96817,HI,21.3307,-157.85913,1
19382,PA,39.940043,-75.59729,1
28147,NC,35.665362,-80.54673,1
30071,GA,33.940768,-84.2062,1
60603,IL,41.880446,-87.63014,1
27614,NC,35.939255,-78.60317,1
17402,PA,39.976898,-76.67785,1
48640,MI,43.605457,-84.27234,1
11050,NY,40.833246,-73.69309,1
50311,IA,41.601189,-93.68076,1
92316,CA,34.064062,-117.39432,1
36092,AL,32.592889,-86.21902,1
72601,AR,36.236984,-93.09345,3
53818,WI,42.743948,-90.48625,3
90025,CA,34.045006,-118.44527,4
85719,AZ,32.240625,-110.94791,5
28120,NC,35.311862,-81.02441,1
77006,TX,29.741878,-95.38944,5
29631,SC,34.681255,-82.82176,1
97331,OR,44.565648,-123.27906,1
01886,MA,42.592086,-71.43754,1
80917,CO,38.888394,-104.73975,1
63131,MO,38.618582,-90.43643,1
02420,MA,42.452895,-71.21619,2
20170,VA,38.977109,-77.38527,1
92037,CA,32.838761,-117.26159,6
22205,VA,38.88275,-77.13999,1
95326,CA,37.59471,-120.86419,1
94133,CA,37.801878,-122.41018,7
45205,OH,39.11071,-84.57438,1
48858,MI,43.60616,-84.78306,1
20007,DC,38.913961,-77.07179,2
29928,SC,32.159476,-80.75144,1
70116,LA,29.968054,-90.06403,1
33710,FL,27.788637,-82.72244,1
55404,MN,44.963365,-93.26179,2
46234,IN,39.797622,-86.32493,1
15208,PA,40.455168,-79.89709,2
60610,IL,41.898582,-87.6371,5
64093,MO,38.772117,-93.73519,2
60607,IL,41.875882,-87.65114,3
60477,IL,41.5738,-87.80389,1
60015,IL,42.169325,-87.86556,1
53130,WI,42.941264,-88.05121,1
44122,OH,41.472881,-81.52209,1
02111,MA,42.349838,-71.06101,2
32225,FL,30.348585,-81.49965,1
85003,AZ,33.451143,-112.07838,1
33304,FL,26.137693,-80.12646,1
07974,NJ,40.698268,-74.40225,1
95864,CA,38.587805,-121.37809,3
98056,WA,47.510739,-122.18372,1
30145,GA,34.237986,-84.97801,1
74074,OK,36.105571,-97.07631,2
91604,CA,34.143856,-118.39429,2
47401,IN,39.131576,-86.49743,1
94608,CA,37.834724,-122.28316,3
64151,MO,39.215652,-94.63021,1
94102,CA,37.779329,-122.41915,4
10469,NY,40.868643,-73.84735,2
06510,CT,41.306197,-72.92479,2
55066,MN,44.539036,-92.53637,1
11725,NY,40.841522,-73.28001,1
21014,MD,39.536057,-76.34957,1
53717,WI,43.072994,-89.51992,1
15204,PA,40.455118,-80.06008,1
98110,WA,47.65526,-122.53508,2
02149,MA,42.409916,-71.0522,1
60062,IL,42.124576,-87.84303,2
77019,TX,29.752528,-95.39923,1
30101,GA,34.052285,-84.68483,2
53222,WI,43.083261,-88.02823,1
60073,IL,42.366253,-88.09647,2
66044,KS,38.983551,-95.23202,5
84064,UT,41.656963,-111.16584,1
07039,NJ,40.788733,-74.32134,2
95120,CA,37.213624,-121.85671,1
78749,TX,30.216108,-97.85828,3
98007,WA,47.610935,-122.14104,1
20850,MD,39.093408,-77.1718,3
16802,PA,40.806956,-77.86281,2
74403,OK,35.719962,-95.33691,1
43228,OH,39.954363,-83.123,1
92614,CA,33.680408,-117.82592,3
23423,VA,37.549044,-75.73237,1
98011,WA,47.751471,-122.20257,1
98112,WA,47.629653,-122.29752,2
53221,WI,42.953915,-87.9457,1
55118,MN,44.903165,-93.10026,5
90068,CA,34.122058,-118.3379,2
45420,OH,39.723909,-84.13453,2
16803,PA,40.802661,-77.89936,3
32082,FL,30.189934,-81.38213,1
94901,CA,37.972423,-122.51484,2
93103,CA,34.428191,-119.68412,1
48185,MI,42.335937,-83.378,2
72761,AR,36.179905,-94.50208,1
23225,VA,37.51918,-77.49851,2
11435,NY,40.700068,-73.80986,1
92025,CA,33.106862,-117.07077,1
06851,CT,41.134896,-73.4053,2
86001,AZ,35.279872,-111.72256,2
45236,OH,39.205109,-84.39512,1
91766,CA,34.045584,-117.75305,1
52556,IA,41.017736,-91.95,2
97850,OR,45.32627,-118.08197,1
63011,MO,38.601403,-90.55209,1
45238,OH,39.112169,-84.60849,1
33813,FL,27.965469,-81.92215,1
45750,OH,39.426551,-81.44373,4
33174,FL,25.763044,-80.35919,1
78660,TX,30.450122,-97.623,1
97124,OR,45.545841,-122.94605,2
62707,IL,39.757896,-89.66363,1
85255,AZ,33.697268,-111.88321,2
78730,TX,30.359935,-97.83125,1
12701,NY,41.653071,-74.69748,1
48135,MI,42.324338,-83.3382,5
47303,IN,40.221103,-85.37602,1
02906,RI,41.83635,-71.39427,2
33143,FL,25.702929,-80.29642,2
90230,CA,33.997179,-118.40145,1
14843,NY,42.331062,-77.65536,1
33611,FL,27.891151,-82.50581,1
22046,VA,38.886311,-77.18098,1
49042,MI,41.847413,-85.66411,1
77301,TX,30.313308,-95.45085,1
46311,IN,41.491377,-87.51022,1
02066,MA,42.205038,-70.7513,1
44056,OH,41.321189,-81.50135,1
98501,WA,47.014718,-122.8819,1
10309,NY,40.529749,-74.21304,1
55123,MN,44.804048,-93.13378,2
92705,CA,33.762117,-117.81828,2
29440,SC,33.38934,-79.32638,2
03106,NH,43.058785,-71.44412,2
97470,OR,43.227287,-123.35138,2
10708,NY,40.939049,-73.83099,1
23451,VA,36.864788,-76.00098,2
06107,CT,41.75275,-72.7546,1
30024,GA,34.052698,-84.07485,2
97403,OR,44.03858,-123.05562,2
01581,MA,42.269845,-71.61408,2
90802,CA,33.769018,-118.19225,3
87110,NM,35.106396,-106.57927,1
19107,PA,39.952112,-75.15853,2
98108,WA,47.546188,-122.31514,1
89134,NV,36.204548,-115.31207,1
38028,TN,35.203968,-89.62203,1
91423,CA,34.153628,-118.43222,4
64112,MO,39.037605,-94.59537,2
02118,MA,42.338724,-71.07276,2
98166,WA,47.458821,-122.34943,1
33142,FL,25.812625,-80.2369,1
92656,CA,33.581533,-117.72474,2
22039,VA,38.760747,-77.31684,2
56520,MN,46.27324,-96.54888,1
83704,ID,43.63123,-116.28716,1
32118,FL,29.210309,-81.00259,2
22209,VA,38.893241,-77.07453,1
30337,GA,33.646984,-84.4538,1
21117,MD,39.419105,-76.78388,2
32835,FL,28.528789,-81.47863,1
98467,WA,47.203946,-122.52996,1
72801,AR,35.278429,-93.13682,1
46229,IN,39.795025,-85.97356,1
89128,NV,36.193501,-115.265,4
78728,TX,30.451803,-97.67989,1
90272,CA,34.050505,-118.53374,1
85260,AZ,33.606004,-111.88699,1
31605,GA,30.92205,-83.25332,1
72837,AR,35.460782,-93.10863,1
92602,CA,33.73297,-117.76932,1
92870,CA,33.883314,-117.85446,2
73160,OK,35.34377,-97.48596,2
07663,NJ,40.904131,-74.09474,1
92880,CA,33.903803,-117.60221,2
15217,PA,40.430919,-79.92569,3
77521,TX,29.784579,-94.97588,2
77056,TX,29.747328,-95.46931,1
94546,CA,37.702063,-122.07934,3
23518,VA,36.916497,-76.21796,1
10018,NY,40.755101,-73.99337,2
07430,NJ,41.077102,-74.16147,1
07436,NJ,41.028884,-74.23727,1
60510,IL,41.845228,-88.30995,2
21214,MD,39.351857,-76.56399,1
32935,FL,28.13926,-80.65077,1
55344,MN,44.867013,-93.42557,6
97062,OR,45.373991,-122.77127,1
92019,CA,32.788736,-116.90487,1
92648,CA,33.673468,-118.00243,2
45219,OH,39.12721,-84.50988,1
57106,SD,43.514392,-96.80375,3
35216,AL,33.420558,-86.78489,1
90254,CA,33.866314,-118.39968,2
80304,CO,40.039784,-105.27938,4
44089,OH,41.407845,-82.3648,1
30342,GA,33.879003,-84.37203,1
21555,MD,39.579649,-78.55826,1
83705,ID,43.583139,-116.2252,1
48070,MI,42.482585,-83.16812,3
54302,WI,44.505782,-87.97947,1
19106,PA,39.951062,-75.14589,1
10583,NY,40.98845,-73.79716,1
93428,CA,35.563246,-121.07736,1
05448,VT,44.751801,-72.88247,1
93105,CA,34.44005,-119.75496,2
87801,NM,33.953237,-106.93722,2
87111,NM,35.135303,-106.52223,1
05401,VT,44.484038,-73.22126,3
10069,NY,40.775477,-73.9905,1
07730,NJ,40.423298,-74.179,1
55403,MN,44.971765,-93.28557,4
20004,DC,38.895268,-77.0276,1
15330,PA,40.178679,-80.10014,1
76067,TX,32.810275,-98.10707,1
26505,WV,39.646497,-79.95154,4
95843,CA,38.716874,-121.3698,2
91902,CA,32.663803,-117.02456,1
02339,MA,42.12867,-70.85913,1
44514,OH,41.016159,-80.61549,1
04106,ME,43.631549,-70.27272,1
45220,OH,39.14426,-84.51986,2
08330,NJ,39.478771,-74.7581,1
02062,MA,42.185974,-71.20166,1
33486,FL,26.344955,-80.11226,1
79705,TX,32.029022,-102.08618,2
66208,KS,38.999505,-94.63102,1
44706,OH,40.776858,-81.40593,1
80013,CO,39.659105,-104.7791,3
95695,CA,38.697238,-121.80944,1
79410,TX,33.570135,-101.88901,1
20876,MD,39.191769,-77.24329,1
19119,PA,40.053511,-75.18858,3
94708,CA,37.894625,-122.26372,2
60045,IL,42.238087,-87.86093,2
90640,CA,34.014212,-118.11358,2
20707,MD,39.098475,-76.86571,1
12561,NY,41.751566,-74.09475,1
90039,CA,34.110425,-118.25832,4
06516,CT,41.272147,-72.96496,1
92557,CA,33.957957,-117.24833,2
30047,GA,33.872371,-84.11655,1
56082,MN,44.337276,-93.99282,2
68516,NE,40.749224,-96.64566,3
11784,NY,40.869274,-73.04254,1
39180,MS,32.292761,-90.87184,1
64138,MO,38.969806,-94.47256,1
91790,CA,34.068059,-117.93835,3
47933,IN,40.034554,-86.89143,3
06854,CT,41.092196,-73.42869,4
29404,SC,32.897903,-80.06061,1
93436,CA,34.639682,-120.4471,1
08053,NJ,39.88488,-74.90416,1
44118,OH,41.499202,-81.55434,1
48097,MI,43.131709,-82.81411,1
91730,CA,34.104555,-117.58734,2
18655,PA,41.184223,-76.19361,1
91362,CA,34.190804,-118.83704,2
92054,CA,33.202463,-117.36077,2
30533,GA,34.542098,-83.99718,1
18615,PA,41.449135,-75.85774,1
22936,VA,38.150083,-78.47627,1
90212,CA,34.060859,-118.40191,2
04046,ME,43.399494,-70.4769,2
17033,PA,40.277923,-76.6434,1
23059,VA,37.686152,-77.53651,1
08750,NJ,40.133754,-74.04123,1
55435,MN,44.875614,-93.33487,1
14701,NY,42.09179,-79.24459,1
92833,CA,33.874314,-117.9637,2
94709,CA,37.879625,-122.2668,2
64801,MO,37.09416,-94.50169,1
10803,NY,40.902221,-73.80717,1
03570,NH,44.463337,-71.19092,1
03070,NH,42.978267,-71.69414,1
91304,CA,34.218654,-118.62538,1
32212,FL,30.222683,-81.70165,1
13603,NY,44.030204,-75.81845,2
08108,NJ,39.915263,-75.06401,1
60563,IL,41.794885,-88.16188,1
02134,MA,42.355147,-71.13164,5
30033,GA,33.811354,-84.28335,1
14623,NY,43.087613,-77.6352,1
08742,NJ,40.081165,-74.06003,1
30306,GA,33.786755,-84.35149,2
48342,MI,42.644581,-83.28211,1
60050,IL,42.348406,-88.24769,1
48127,MI,42.335687,-83.28332,1
20653,MD,38.234838,-76.44889,1
85213,AZ,33.434192,-111.76892,1
75146,TX,32.590063,-96.75892,1
14616,NY,43.232312,-77.64905,1
22305,VA,38.836779,-77.06418,1
43221,OH,40.02063,-83.07655,1
84088,UT,40.594222,-111.97889,1
48867,MI,42.99605,-84.17896,4
27410,NC,36.116854,-79.88291,2
98503,WA,47.027082,-122.80359,2
37203,TN,36.152607,-86.78927,1
78735,TX,30.250761,-97.84469,1
76116,TX,32.72228,-97.44409,1
32822,FL,28.494931,-81.28949,1
33401,FL,26.711192,-80.06043,1
30620,GA,33.928949,-83.73524,1
02142,MA,42.362297,-71.08412,4
78251,TX,29.466061,-98.67004,2
07702,NJ,40.329128,-74.06315,1
07981,NJ,40.821482,-74.42648,1
19083,PA,39.978728,-75.30861,1
02131,MA,42.284678,-71.13052,3
76266,TX,33.358871,-97.18944,1
95409,CA,38.460594,-122.6422,1
80301,CO,40.044385,-105.21928,2
45383,OH,39.958117,-84.33335,1
02176,MA,42.459045,-71.06233,2
49887,MI,45.417184,-87.6281,1
33156,FL,25.66558,-80.30688,1
02472,MA,42.371296,-71.18196,2
10538,NY,40.933089,-73.75615,1
33133,FL,25.730678,-80.2441,3
44126,OH,41.441697,-81.85738,1
78626,TX,30.643058,-97.64713,1
59405,MT,47.476152,-111.26909,1
30260,GA,33.58776,-84.33011,1
28403,NC,34.221512,-77.88452,1
74136,OK,36.059495,-95.93922,1
61350,IL,41.35263,-88.84734,1
28607,NC,36.21277,-81.66255,1
28052,NC,35.248787,-81.2142,1
20650,MD,38.269283,-76.64336,2
30309,GA,33.794055,-84.38525,1
80503,CO,40.156035,-105.17365,2
88004,NM,32.204171,-106.93052,1
30318,GA,33.786805,-84.437,1
42101,KY,37.010643,-86.46145,1
40515,KY,37.952113,-84.45347,4
97469,OR,42.935498,-123.39902,1
83355,ID,42.76079,-114.71025,1
62263,IL,38.346578,-89.38453,1
41144,KY,38.552472,-82.86514,1
77058,TX,29.55283,-95.10265,1
68506,NE,40.785557,-96.64599,1
77630,TX,30.089757,-93.77408,1
57103,SD,43.537075,-96.69527,1
97402,OR,44.062231,-123.16804,2
40504,KY,38.039322,-84.54259,2
14803,NY,42.258793,-77.77793,1
60659,IL,41.991381,-87.70378,1
92507,CA,33.978965,-117.33646,4
98374,WA,47.140045,-122.26012,1
02879,RI,41.423601,-71.52322,3
15203,PA,40.426211,-79.97826,2
55430,MN,45.059265,-93.29977,2
03038,NH,42.886486,-71.30019,1
11364,NY,40.746718,-73.75994,1
63304,MO,38.72926,-90.65332,1
32812,FL,28.493531,-81.32609,1
02169,MA,42.250739,-70.99593,1
19050,PA,39.939609,-75.26453,1
10044,NY,40.762174,-73.94917,1
04287,ME,44.048154,-69.96847,2
68046,NE,41.151899,-96.04484,1
96714,HI,22.208401,-159.4896,1
32219,FL,30.411564,-81.76653,2
57382,SD,44.051324,-98.63556,1
52405,IA,41.980283,-91.70835,2
41075,KY,39.076011,-84.45127,1
76543,TX,31.113828,-97.69246,1
93611,CA,36.840057,-119.66107,1
80010,CO,39.739387,-104.8621,1
53719,WI,43.029497,-89.50531,1
02322,MA,42.121932,-71.04522,2
85024,AZ,33.675564,-112.04717,2
55446,MN,45.039312,-93.47988,2
97378,OR,45.089532,-123.40787,1
55443,MN,45.108581,-93.33988,1
02445,MA,42.324397,-71.13933,1
32506,FL,30.408807,-87.31919,2
48239,MI,42.379436,-83.29105,1
30064,GA,33.946735,-84.602,1
29609,SC,34.889217,-82.39364,1
37205,TN,36.113558,-86.86207,1
45458,OH,39.60828,-84.16413,3
76028,TX,32.535841,-97.30681,1
33759,FL,27.980297,-82.71645,1
49034,MI,42.239393,-85.33499,1
22657,VA,39.00127,-78.36485,1
33023,FL,25.989119,-80.21318,1
43209,OH,39.958564,-82.92824,1
60068,IL,42.01183,-87.84158,1
48439,MI,42.925677,-83.63585,2
33881,FL,28.051985,-81.72457,1
60441,IL,41.598235,-88.02753,2
88001,NM,32.300193,-106.76078,1
06708,CT,41.551601,-73.06262,1
78250,TX,29.510204,-98.66784,2
02370,MA,42.129513,-70.91189,1
92008,CA,33.158137,-117.32646,1
22302,VA,38.829512,-77.08204,1
97232,OR,45.52874,-122.6446,1
98106,WA,47.53282,-122.35443,1
85210,AZ,33.391233,-111.84129,2
34610,FL,28.397791,-82.53084,1
95121,CA,37.305714,-121.81145,1
07090,NJ,40.649202,-74.34567,1
29649,SC,34.225872,-82.15614,1
15137,PA,40.380219,-79.81017,1
08852,NJ,40.389428,-74.54329,1
10706,NY,40.992084,-73.8729,2
33324,FL,26.110631,-80.27469,2
08406,NJ,39.342299,-74.48192,1
48109,MI,42.291637,-83.71831,4
06906,CT,41.069298,-73.52182,1
06880,CT,41.140896,-73.35178,3
68108,NE,41.240562,-95.93353,3
94939,CA,37.936151,-122.5355,1
29662,SC,34.774657,-82.30432,1
30606,GA,33.945619,-83.41732,3
83713,ID,43.638314,-116.33059,1
62221,IL,38.532311,-89.93996,1
80906,CO,38.791242,-104.82492,1
63116,MO,38.580552,-90.26307,1
89147,NV,36.113059,-115.27343,1
28227,NC,35.192919,-80.66822,1
19149,PA,40.037711,-75.06658,2
30127,GA,33.874553,-84.68784,1
53095,WI,43.40328,-88.18026,1
04255,ME,44.35976,-70.67231,1
30076,GA,34.032532,-84.31774,1
46725,IN,41.166034,-85.48313,1
34744,FL,28.308979,-81.37594,2
30097,GA,34.020621,-84.14294,1
89502,NV,39.499862,-119.77497,1
02818,RI,41.649733,-71.46815,1
60042,IL,42.277691,-88.20074,1
55428,MN,45.059997,-93.37702,2
36115,AL,32.404754,-86.24963,3
94533,CA,38.269582,-122.03701,2
39759,MS,33.450215,-88.82383,1
43065,OH,40.155515,-83.08415,2
94065,CA,37.533538,-122.24602,2
53048,WI,43.584926,-88.44594,1
77083,TX,29.691714,-95.64978,1
92882,CA,33.866555,-117.59167,1
74401,OK,35.739681,-95.40711,1
48911,MI,42.677335,-84.56913,1
67443,KS,38.372202,-97.53229,1
02777,MA,41.741551,-71.21433,1
77840,TX,30.614647,-96.32641,1
37127,TN,35.791021,-86.34445,1
01904,MA,42.490421,-70.96579,1
96818,HI,21.36425,-157.96316,1
60645,IL,42.008956,-87.69634,1
49442,MI,43.232615,-86.1955,1
89109,NV,36.126038,-115.14796,1
02026,MA,42.244609,-71.16553,1
94116,CA,37.743381,-122.48578,1
86314,AZ,34.621743,-112.32176,2
42518,KY,36.94593,-84.63278,1
94612,CA,37.809427,-122.27172,1
08810,NJ,40.372881,-74.51363,1
53188,WI,43.020762,-88.26852,2
54751,WI,44.86877,-91.92915,1
11746,NY,40.821698,-73.37553,1
06111,CT,41.688899,-72.73101,1
50322,IA,41.630521,-93.7238,1
14619,NY,43.136363,-77.64685,3
61832,IL,40.133786,-87.62898,1
98383,WA,47.667257,-122.69055,1
46979,IN,40.427588,-86.26918,1
97267,OR,45.408882,-122.61476,1
93401,CA,35.262548,-120.65196,2
60516,IL,41.761463,-88.01334,1
21093,MD,39.435789,-76.63614,1
53211,WI,43.083012,-87.8859,4
91405,CA,34.199704,-118.44724,2
48326,MI,42.661129,-83.24571,1
17844,PA,40.928666,-77.05294,1
19006,PA,40.129509,-75.06115,1
89031,NV,36.256479,-115.16139,1
32095,FL,29.923718,-81.33962,1
20016,DC,38.94081,-77.08723,2
80910,CO,38.813044,-104.77158,1
90804,CA,33.783467,-118.15182,2
93711,CA,36.831723,-119.83198,1
32308,FL,30.531677,-84.16049,1
06279,CT,41.896875,-72.27456,1
87020,NM,35.122129,-107.90777,1
92101,CA,32.719601,-117.16246,2
22307,VA,38.774863,-77.0593,1
60630,IL,41.971044,-87.75869,1
84780,UT,37.144146,-113.49671,1
28804,NC,35.635844,-82.55992,1
26101,WV,39.265408,-81.53706,1
32043,FL,29.97289,-81.72195,3
73071,OK,35.225702,-97.42394,2
33884,FL,27.997387,-81.68256,1
12801,NY,43.312104,-73.64825,1
70809,LA,30.403341,-91.08035,1
14086,NY,42.904258,-78.65519,1
92278,CA,34.360235,-116.20964,1
30340,GA,33.899381,-84.25367,1
20886,MD,39.178737,-77.19564,1
93449,CA,35.150886,-120.65401,1
08822,NJ,40.515645,-74.85319,1
63119,MO,38.590652,-90.35168,4
89145,NV,36.167731,-115.26791,1
44129,OH,41.397701,-81.73575,1
29630,SC,34.733515,-82.78407,1
63130,MO,38.663951,-90.32348,2
73112,OK,35.517857,-97.57284,1
63544,MO,40.244242,-92.85127,1
95050,CA,37.347791,-121.95131,2
64468,MO,40.341716,-94.87498,1
14613,NY,43.182163,-77.63794,1
66605,KS,39.013988,-95.65056,1
33705,FL,27.741306,-82.64349,1
83687,ID,43.590212,-116.53781,1
54942,WI,44.29382,-88.53557,1
44515,OH,41.099008,-80.74545,3
80513,CO,40.294423,-105.08431,1
02067,MA,42.113749,-71.17923,1
66203,KS,39.020405,-94.70583,1
79401,TX,33.578935,-101.8316,1
92069,CA,33.144908,-117.17128,1
01772,MA,42.297643,-71.53369,1
55343,MN,44.921599,-93.40857,2
46239,IN,39.732943,-85.99903,1
02542,MA,41.665605,-70.52456,1
48445,MI,43.952534,-83.02017,1
54409,WI,45.121666,-89.13388,1
40207,KY,38.257489,-85.65134,2
84123,UT,40.659514,-111.92226,1
71111,LA,32.552315,-93.70836,1
30189,GA,34.117565,-84.57176,2
63126,MO,38.552303,-90.37921,1
95820,CA,38.535795,-121.44663,1
77042,TX,29.741565,-95.55996,1
67846,KS,37.976008,-100.82503,1
55812,MN,46.809438,-92.07319,1
80227,CO,39.668576,-105.09191,1
52240,IA,41.649867,-91.52019,1
49221,MI,41.900927,-84.04585,1
44512,OH,41.032675,-80.66467,1
01464,MA,42.559289,-71.64555,1
92020,CA,32.7991,-116.97334,1
32708,FL,28.683408,-81.28151,1
40031,KY,38.407833,-85.38475,1
49855,MI,46.554402,-87.42223,1
96778,HI,19.494625,-154.9266,1
90019,CA,34.048411,-118.34015,1
61554,IL,40.567088,-89.63382,1
44266,OH,41.159224,-81.23143,2
60056,IL,42.065427,-87.93621,2
60014,IL,42.226623,-88.33066,1
12449,NY,41.993639,-73.99843,1
32601,FL,29.653195,-82.3244,2
12831,NY,43.174566,-73.68848,1
40242,KY,38.279059,-85.59037,1
46112,IN,39.84952,-86.38739,1
03768,NH,43.823864,-72.13297,1
55014,MN,45.153516,-93.14463,1
45230,OH,39.078368,-84.38865,1
66502,KS,39.184986,-96.56932,1
65202,MO,39.00234,-92.30033,1
30096,GA,33.979401,-84.15118,2
02903,RI,41.8208,-71.41306,2
23229,VA,37.593546,-77.56271,1
30741,GA,34.96311,-85.27405,1
22180,VA,38.894711,-77.25337,1
78252,TX,29.335577,-98.70173,1
59072,MT,46.53932,-108.53775,1
66762,KS,37.408511,-94.70414,2
97701,OR,44.091256,-121.29769,1
75089,TX,32.923924,-96.54697,1
01880,MA,42.501345,-71.07132,1
01742,MA,42.457201,-71.37478,2
17350,PA,39.874531,-77.06305,2
33309,FL,26.185461,-80.17218,1
32653,FL,29.735832,-82.39008,1
22015,VA,38.788646,-77.27888,1
43081,OH,40.109513,-82.91606,3
22810,VA,38.81913,-78.77149,1
32825,FL,28.543248,-81.2456,1
74354,OK,36.880746,-94.87142,1
30701,GA,34.4966,-84.93798,1
08876,NJ,40.545853,-74.63592,4
01860,MA,42.834246,-71.00207,1
20880,MD,39.139535,-77.17592,1
46143,IN,39.601649,-86.12734,1
21050,MD,39.574606,-76.39022,1
12110,NY,42.74964,-73.76802,1
48038,MI,42.603172,-82.94459,1
44039,OH,41.389546,-82.0046,1
77803,TX,30.678097,-96.37639,1
75605,TX,32.557684,-94.74353,2
33901,FL,26.62365,-81.8727,1
17972,PA,40.614771,-76.19352,1
77034,TX,29.63643,-95.21789,1
95236,CA,38.018456,-121.05675,1
53403,WI,42.704519,-87.80062,1
32404,FL,30.188585,-85.56392,1
77018,TX,29.825476,-95.42619,1
68164,NE,41.296198,-96.11027,1
12533,NY,41.573253,-73.79347,1
21114,MD,39.012134,-76.68561,1
42445,KY,37.12596,-87.87429,1
43551,OH,41.540724,-83.58904,3
21113,MD,39.079902,-76.70867,1
45251,OH,39.258124,-84.58733,1
46530,IN,41.741872,-86.13717,1
11510,NY,40.654112,-73.6095,1
48005,MI,42.842554,-82.91471,1
40511,KY,38.105283,-84.50775,1
89431,NV,39.542711,-119.75445,2
36264,AL,33.613541,-85.55457,1
68122,NE,41.348081,-96.04609,1
98826,WA,47.728186,-120.73874,1
18249,PA,40.99118,-76.09565,1
73118,OK,35.515008,-97.53106,1
80232,CO,39.690387,-105.08866,1
32726,FL,28.850617,-81.68034,1
60559,IL,41.795358,-87.97778,1
29070,SC,33.931279,-81.465,1
20851,MD,39.076608,-77.1232,1
48341,MI,42.626947,-83.30243,1
91607,CA,34.165706,-118.39986,1
33823,FL,28.068865,-81.80267,1
70003,LA,29.997168,-90.2138,2
78746,TX,30.287739,-97.8022,2
47901,IN,40.418585,-86.88975,4
28226,NC,35.107804,-80.82139,1
48912,MI,42.734434,-84.52497,1
19403,PA,40.146069,-75.38378,1
14215,NY,42.934757,-78.8118,1
79416,TX,33.591877,-101.94754,2
63376,MO,38.778579,-90.62045,1
77057,TX,29.745129,-95.49131,1
77379,TX,30.024749,-95.53215,1
19063,PA,39.916078,-75.40251,1
70806,LA,30.44495,-91.13806,1
49017,MI,42.35714,-85.20257,1
60004,IL,42.108428,-87.97723,1
63366,MO,38.786335,-90.72121,2
53150,WI,42.901235,-88.12464,1
94954,CA,38.243299,-122.6069,1
23233,VA,37.622465,-77.61965,3
48655,MI,43.297082,-84.14652,1
11211,NY,40.71209,-73.95427,1
42141,KY,36.970776,-85.91232,1
95437,CA,39.43695,-123.76087,1
23221,VA,37.557626,-77.48844,2
77536,TX,29.687657,-95.1201,1
97202,OR,45.481791,-122.64055,3
41722,KY,37.369312,-83.1156,1
32603,FL,29.653145,-82.3469,2
47129,IN,38.303945,-85.76787,2
48187,MI,42.33087,-83.47575,2
07040,NJ,40.728901,-74.26821,2
39401,MS,31.285508,-89.2799,1
71118,LA,32.397255,-93.8043,1
82070,WY,41.232815,-105.75364,1
62330,IL,40.630407,-91.15278,1
13676,NY,44.651265,-74.95289,1
12144,NY,42.63738,-73.72587,1
97720,OR,43.600795,-118.96382,1
80112,CO,39.579454,-104.88288,1
77009,TX,29.79326,-95.36735,1
46321,IN,41.551457,-87.50143,1
32112,FL,29.425693,-81.55686,1
02451,MA,42.393029,-71.24771,1
78681,TX,30.518975,-97.71439,3
44301,OH,41.043955,-81.51919,1
02889,RI,41.706814,-71.3911,1
55021,MN,44.29478,-93.28732,1
32792,FL,28.607077,-81.30606,1
74114,OK,36.126894,-95.94657,2
01450,MA,42.609887,-71.55722,1
90404,CA,34.026959,-118.47432,1
50677,IA,42.741016,-92.45984,1
37766,TN,36.388766,-84.08164,1
19901,DE,39.16426,-75.51163,1
29063,SC,34.120487,-81.19686,2
19008,PA,39.974378,-75.36083,1
13502,NY,43.114519,-75.22284,1
33177,FL,25.595983,-80.40234,1
80903,CO,38.834282,-104.81654,2
32114,FL,29.204009,-81.03602,1
33308,FL,26.191111,-80.10846,1
63026,MO,38.502854,-90.46088,1
74137,OK,36.025405,-95.92953,1
91364,CA,34.158214,-118.60061,1
89108,NV,36.205718,-115.22363,1
93907,CA,36.754058,-121.66472,1
60637,IL,41.779384,-87.60544,1
14221,NY,42.977456,-78.73356,1
18042,PA,40.681798,-75.22082,2
80631,CO,40.421845,-104.69175,1
32712,FL,28.713173,-81.52359,1
65550,MO,37.862197,-91.93811,1
21234,MD,39.385006,-76.54177,1
58270,ND,48.39642,-97.78025,1
06905,CT,41.081396,-73.54506,1
22947,VA,38.025346,-78.32925,1
90731,CA,33.732368,-118.28905,1
90403,CA,34.032159,-118.49022,1
37363,TN,35.087881,-85.06005,1
85710,AZ,32.213291,-110.82559,1
77662,TX,30.142953,-94.00797,1
56716,MN,47.761982,-96.58055,1
63125,MO,38.524066,-90.2895,1
20121,VA,38.82571,-77.43964,1
01752,MA,42.350909,-71.54753,1
97225,OR,45.497856,-122.76988,2
55976,MN,43.862105,-92.49849,1
48198,MI,42.247039,-83.58215,1
76021,TX,32.851678,-97.13849,2
11414,NY,40.658188,-73.84321,1
34235,FL,27.365549,-82.48659,1
90029,CA,34.090259,-118.29455,1
07960,NJ,40.79215,-74.48559,2
77450,TX,29.758799,-95.74751,1
44691,OH,40.800086,-81.95726,2
55330,MN,45.317152,-93.58117,2
11767,NY,40.842962,-73.14303,1
32137,FL,29.581683,-81.21645,1
48146,MI,42.243488,-83.18097,1
44286,OH,41.233722,-81.63222,1
48034,MI,42.474234,-83.29078,1
26508,WV,39.61098,-79.89947,1
65203,MO,38.925204,-92.36887,2
33313,FL,26.148613,-80.22446,1
60139,IL,41.920228,-88.07891,1
03301,NH,43.213705,-71.53774,3
38654,MS,34.954106,-89.83743,1
13041,NY,43.1835,-76.18002,1
78945,TX,29.909764,-96.8745,1
38122,TN,35.155589,-89.92315,1
19711,DE,39.700561,-75.7431,2
45380,OH,40.231735,-84.49935,1
59079,MT,46.001031,-108.3527,1
07950,NJ,40.842399,-74.48223,1
06512,CT,41.276497,-72.87412,1
02171,MA,42.284498,-71.02316,1
13211,NY,43.098917,-76.13688,1
04258,ME,44.154921,-70.33319,1
96821,HI,21.287967,-157.75456,1
43215,OH,39.965131,-83.00431,2
27587,NC,35.97154,-78.52241,1
15801,PA,41.125563,-78.74648,2
98632,WA,46.156082,-122.98043,1
40601,KY,38.201649,-84.86935,3
62704,IL,39.7778,-89.67982,1
11554,NY,40.7143,-73.55527,1
35244,AL,33.356981,-86.81577,1
46580,IN,41.2281,-85.85778,1
32068,FL,30.074926,-81.87932,1
98661,WA,45.63873,-122.62846,1
98178,WA,47.497971,-122.24664,1
75633,TX,32.145212,-94.31256,1
90605,CA,33.945413,-118.03362,1
33030,FL,25.479438,-80.48687,1
85705,AZ,32.260316,-110.98534,2
38135,TN,35.232085,-89.85214,2
45385,OH,39.682836,-83.92144,1
46250,IN,39.905689,-86.06733,1
27616,NC,35.865441,-78.54929,1
67301,KS,37.216856,-95.72898,1
33702,FL,27.843052,-82.6449,1
36301,AL,31.180076,-85.4045,1
57006,SD,44.305418,-96.7906,2
68502,NE,40.789051,-96.69589,3
07067,NJ,40.591653,-74.31341,1
79925,TX,31.782408,-106.36353,1
02891,RI,41.354881,-71.80387,1
44125,OH,41.414403,-81.60793,1
82072,WY,41.344843,-105.58626,1
30082,GA,33.859137,-84.53744,1
75650,TX,32.507527,-94.55839,1
78232,TX,29.584698,-98.46987,4
60606,IL,41.882582,-87.6376,1
33134,FL,25.753927,-80.27034,1
70458,LA,30.269565,-89.77587,1
74011,OK,35.992283,-95.80542,1
40241,KY,38.305636,-85.58424,2
76135,TX,32.823629,-97.45167,1
46222,IN,39.786793,-86.21093,1
78748,TX,30.17202,-97.82265,1
33433,FL,26.347711,-80.15648,1
66614,KS,39.015374,-95.76057,1
75007,TX,33.00542,-96.89773,1
44304,OH,41.081788,-81.50745,1
77304,TX,30.33146,-95.50703,1
29118,SC,33.548282,-80.88513,1
11010,NY,40.701702,-73.67562,1
78611,TX,30.767327,-98.30109,1
08028,NJ,39.700008,-75.11951,1
85730,AZ,32.179227,-110.81032,1
83616,ID,43.705551,-116.36346,2
04457,ME,45.368934,-68.48354,1
33168,FL,25.892185,-80.21032,1
98001,WA,47.303722,-122.26608,2
91602,CA,34.152476,-118.36841,2
46350,IN,41.605749,-86.71983,1
52057,IA,42.484297,-91.45231,1
63109,MO,38.586052,-90.2941,2
75010,TX,33.030556,-96.89328,1
32920,FL,28.390932,-80.60501,1
27203,NC,35.686122,-79.82919,1
27278,NC,36.079726,-79.09459,1
37153,TN,35.751016,-86.55056,1
65804,MO,37.161299,-93.2519,1
74055,OK,36.278298,-95.8305,1
75074,TX,33.028921,-96.68102,1
48072,MI,42.497035,-83.18532,1
43402,OH,41.388519,-83.65795,7
44221,OH,41.141456,-81.47928,1
43612,OH,41.706048,-83.5577,1
19033,PA,39.890462,-75.32755,1
65023,MO,38.630396,-92.39311,1
40475,KY,37.745999,-84.28433,1
10463,NY,40.881086,-73.90749,3
52241,IA,41.688215,-91.58676,1
98607,WA,45.60916,-122.40547,1
51104,IA,42.524145,-96.40292,1
46940,IN,40.680911,-85.72135,1
21045,MD,39.207523,-76.82527,1
76904,TX,31.344515,-100.47217,1
19067,PA,40.214661,-74.81812,3
11947,NY,40.943323,-72.57996,1
37664,TN,36.522968,-82.51162,1
81005,CO,38.235865,-104.66972,1
91321,CA,34.377782,-118.51489,1
60435,IL,41.54338,-88.11963,1
32953,FL,28.396301,-80.70198,1
27513,NC,35.797882,-78.79702,1
78666,TX,29.876944,-97.94668,4
95667,CA,38.724682,-120.79533,1
49770,MI,45.360111,-84.93774,1
95492,CA,38.54486,-122.80785,1
28027,NC,35.405636,-80.63823,1
70005,LA,29.999453,-90.13398,1
81101,CO,37.471802,-105.83471,1
07405,NJ,40.99313,-74.35893,1
62052,IL,39.114762,-90.32442,1
15333,PA,40.010135,-80.00537,1
75601,TX,32.505248,-94.73172,1
15089,PA,40.211895,-79.75483,1
14424,NY,42.85297,-77.29466,1
28805,NC,35.599363,-82.50007,1
50588,IA,42.646924,-95.1807,1
98908,WA,46.605303,-120.61762,1
33015,FL,25.938687,-80.3182,1
26104,WV,39.285724,-81.52639,1
98674,WA,45.928662,-122.70284,1
01850,MA,42.655791,-71.30504,1
78613,TX,30.501272,-97.83087,1
70123,LA,29.952605,-90.20536,1
45322,OH,39.877745,-84.30999,1
33460,FL,26.619695,-80.05676,1
06513,CT,41.315797,-72.8803,1
29678,SC,34.660345,-82.94557,1
76054,TX,32.858398,-97.17681,2
62702,IL,39.819,-89.64379,1
01379,MA,42.547274,-72.41724,2
85374,AZ,33.643508,-112.38502,1
65775,MO,36.719145,-91.87408,2
39648,MS,31.225598,-90.43327,1
29464,SC,32.813518,-79.85899,1
38261,TN,36.426933,-89.0727,1
92503,CA,33.91355,-117.46052,1
62234,IL,38.679282,-89.99407,2
16508,PA,42.097856,-80.09147,1
61704,IL,40.459584,-88.96939,1
48604,MI,43.473075,-83.94479,1
29449,SC,32.715745,-80.26738,1
53142,WI,42.559823,-87.87878,1
45810,OH,40.774039,-83.81821,1
15202,PA,40.502918,-80.0704,2
81004,CO,38.197344,-104.6331,1
55304,MN,45.254715,-93.28652,1
38111,TN,35.10935,-89.94363,2
27605,NC,35.788284,-78.65316,1
84102,UT,40.759246,-111.86371,1
85701,AZ,32.216743,-110.9696,1
72202,AR,34.739224,-92.27765,1
17517,PA,40.234392,-76.12655,1
01054,MA,42.479839,-72.49879,1
94610,CA,37.812377,-122.24199,3
11105,NY,40.774686,-73.90816,1
47274,IN,38.958688,-85.89917,1
49686,MI,44.735559,-85.54511,1
99016,WA,47.648693,-117.15116,3
22306,VA,38.757214,-77.08666,1
48237,MI,42.467235,-83.17952,3
48306,MI,42.708151,-83.16584,2
73008,OK,35.506456,-97.63934,1
55011,MN,45.335128,-93.27434,1
48217,MI,42.277738,-83.1552,1
05346,VT,43.02419,-72.51725,2
69301,NE,42.13928,-102.84937,1
84037,UT,41.032893,-111.93004,2
19473,PA,40.257069,-75.47097,1
90034,CA,34.03056,-118.39804,6
21532,MD,39.64612,-78.93778,1
60185,IL,41.891978,-88.20502,1
21013,MD,39.508739,-76.49191,1
17036,PA,40.270367,-76.7048,1
11963,NY,40.99628,-72.31074,1
03608,NH,43.075411,-72.41902,2
63332,MO,38.590155,-90.89093,1
97113,OR,45.515181,-123.05089,1
48371,MI,42.823968,-83.27921,1
11372,NY,40.750146,-73.88433,1
30324,GA,33.818304,-84.35779,1
07920,NJ,40.6789,-74.57039,1
48042,MI,42.68347,-82.92958,1
97034,OR,45.40765,-122.6811,1
46240,IN,39.902039,-86.12948,1
55415,MN,44.973415,-93.25941,1
33619,FL,27.94605,-82.37525,1
10461,NY,40.842917,-73.83819,2
27403,NC,36.064485,-79.82206,1
53951,WI,43.393526,-89.84489,2
41042,KY,38.983853,-84.64401,1
61615,IL,40.764368,-89.6448,1
11717,NY,40.783954,-73.24517,1
55433,MN,45.163848,-93.3195,2
84062,UT,40.38584,-111.73333,1
92691,CA,33.611272,-117.66681,1
97219,OR,45.45867,-122.70611,1
45224,OH,39.204959,-84.53734,1
98040,WA,47.569271,-122.23233,1
48302,MI,42.5863,-83.29705,2
48094,MI,42.727731,-83.03847,1
80222,CO,39.669237,-104.92766,1
30041,GA,34.201503,-84.09764,1
94574,CA,38.511241,-122.45695,1
37076,TN,36.180507,-86.60111,1
84109,UT,40.705747,-111.79973,3
74012,OK,36.045907,-95.80694,2
91343,CA,34.239503,-118.48224,1
94705,CA,37.856926,-122.25084,1
08318,NJ,39.553504,-75.16843,1
46038,IN,39.95645,-86.00872,1
05055,VT,43.735335,-72.29086,2
04473,ME,44.889249,-68.68177,2
06119,CT,41.76255,-72.72839,1
22101,VA,38.93276,-77.1677,1
50201,IA,42.026021,-93.4484,1
01746,MA,42.196065,-71.43797,1
44310,OH,41.107655,-81.50091,1
40505,KY,38.058477,-84.46109,1
91765,CA,34.004172,-117.81673,1
18036,PA,40.508855,-75.40103,1
02035,MA,42.061427,-71.24232,1
02601,MA,41.654741,-70.2895,1
75115,TX,32.599286,-96.85882,1
92804,CA,33.818165,-117.97304,1
06804,CT,41.465811,-73.39982,1
24450,VA,37.794344,-79.47658,2
32250,FL,30.284641,-81.39844,1
03824,NH,43.128085,-70.96035,1
90245,CA,33.921313,-118.40843,1
02465,MA,42.351046,-71.22677,2
48310,MI,42.563644,-83.07158,1
03885,NH,43.015756,-70.90192,1
02816,RI,41.69105,-71.57462,1
90014,CA,34.042912,-118.25193,1
01852,MA,42.634112,-71.29849,1
96707,HI,21.345535,-158.08587,2
95828,CA,38.484747,-121.4024,1
98801,WA,47.425497,-120.32881,1
04102,ME,43.658632,-70.2911,1
52301,IA,41.790216,-92.07684,1
50312,IA,41.587039,-93.67356,1
19003,PA,40.000861,-75.29694,2
23608,VA,37.151315,-76.54812,1
32580,FL,30.507047,-86.49702,1
38134,TN,35.193046,-89.86559,1
63122,MO,38.582702,-90.40966,1
12740,NY,41.85304,-74.52915,1
06268,CT,41.806041,-72.26127,1
19087,PA,40.058808,-75.40069,1
26201,WV,38.997267,-80.20915,1
23462,VA,36.839648,-76.15177,3
02474,MA,42.419496,-71.15635,1
03825,NH,43.208136,-71.04356,1
93060,CA,34.367474,-119.07317,1
03261,NH,43.216633,-71.2079,1
04259,ME,44.231811,-69.99897,2
06110,CT,41.7313,-72.73374,1
21042,MD,39.276305,-76.86082,1
02571,MA,41.751554,-70.71059,1
04101,ME,43.660525,-70.25862,5
03801,NH,43.070188,-70.77684,1
07458,NJ,41.054568,-74.09616,1
46227,IN,39.678495,-86.12973,2
46142,IN,39.62068,-86.15126,2
04011,ME,43.8992,-69.95894,1
04086,ME,43.94674,-69.96163,2
78212,TX,29.460381,-98.49649,2
22630,VA,38.926615,-78.17499,1
85331,AZ,33.789204,-111.96301,2
10962,NY,41.047996,-73.96215,1
84067,UT,41.173226,-112.05093,1
19335,PA,40.02342,-75.71389,1
02809,RI,41.6842,-71.26866,1
30349,GA,33.61541,-84.49033,1
90031,CA,34.07871,-118.2161,2
20902,MD,39.040759,-77.04876,1
01773,MA,42.425537,-71.30316,1
25301,WV,38.350647,-81.63028,1
46077,IN,39.960858,-86.28252,2
04849,ME,44.325944,-69.03065,1
20912,MD,38.98236,-77.00044,1
91007,CA,34.126957,-118.05216,1
04210,ME,44.089173,-70.24143,2
46219,IN,39.78001,-86.04889,1
55411,MN,44.999165,-93.29823,1
17857,PA,40.899361,-76.78947,1
81321,CO,37.344985,-108.60355,1
03862,NH,42.97778,-70.83055,2
14450,NY,43.091714,-77.43483,1
04074,ME,43.583224,-70.35268,1
46254,IN,39.844024,-86.26464,2
63135,MO,38.74785,-90.30258,1
23062,VA,37.257466,-76.49661,1
04032,ME,43.843778,-70.10172,1
03840,NH,43.038279,-70.84714,1
54971,WI,43.849309,-88.84494,1
44406,OH,41.029666,-80.76396,4
42025,KY,36.854812,-88.33515,1
23434,VA,36.735893,-76.59656,1
50401,IA,43.153969,-93.20037,1
63132,MO,38.675784,-90.37463,1
02130,MA,42.309998,-71.11171,1
04085,ME,43.770432,-70.63812,1
03820,NH,43.190984,-70.88787,1
04578,ME,43.974367,-69.68366,1
04108,ME,43.665177,-70.19475,1
03909,ME,43.159537,-70.65239,1
13760,NY,42.113974,-76.05256,1
70808,LA,30.411391,-91.1497,2
95030,CA,37.228594,-121.98396,2
23513,VA,36.888147,-76.23909,1
92509,CA,33.998751,-117.44695,1
63108,MO,38.646201,-90.25435,1
48092,MI,42.511293,-83.0597,1
84103,UT,40.777746,-111.87491,1
16844,PA,40.896662,-77.91555,1
33626,FL,28.052799,-82.61135,1
11228,NY,40.617563,-74.01168,1
84057,UT,40.311854,-111.70561,1
63121,MO,38.706301,-90.29609,1
60417,IL,41.439034,-87.61173,1
84041,UT,41.07221,-111.97625,1
85054,AZ,33.689558,-111.96463,1
27312,NC,35.756091,-79.17848,1
84107,UT,40.659997,-111.88394,1
84058,UT,40.278086,-111.71067,1
98121,WA,47.61487,-122.34578,1
99826,AK,58.434052,-135.73088,1
99801,AK,58.358599,-134.54749,1
55401,MN,44.984615,-93.27137,3
55616,MN,47.077723,-91.66464,1
63105,MO,38.645484,-90.32888,2
63033,MO,38.79505,-90.28578,1
63303,MO,38.762715,-90.53903,1
62958,IL,37.612173,-89.17587,1
63144,MO,38.619152,-90.34964,1
02108,MA,42.357903,-71.06408,1
44281,OH,41.037664,-81.73368,1
14568,NY,43.134783,-77.28515,1
92679,CA,33.639227,-117.58518,1
55804,MN,46.86242,-91.98342,1
46220,IN,39.866913,-86.12323,2
63123,MO,38.549452,-90.32525,1
94526,CA,37.811676,-121.98647,1
95118,CA,37.257643,-121.89072,1
90065,CA,34.107559,-118.22663,1
55423,MN,44.877164,-93.28124,2
63043,MO,38.725331,-90.44451,1
91791,CA,34.063645,-117.89743,1
54022,WI,44.854636,-92.61729,1
48433,MI,43.072177,-83.84883,1
92407,CA,34.198189,-117.35826,2
90402,CA,34.036759,-118.50121,1
92807,CA,33.850515,-117.79113,1
48827,MI,42.507093,-84.6579,1
65441,MO,38.126316,-91.20688,1
64154,MO,39.261679,-94.63353,1
26241,WV,38.920042,-79.8446,1
92672,CA,33.427078,-117.61401,1
89447,NV,38.94675,-119.11544,1
91104,CA,34.169356,-118.12392,3
90290,CA,34.101447,-118.59933,1
91001,CA,34.192102,-118.14206,1
14618,NY,43.116713,-77.55904,2
92584,CA,33.66035,-117.18987,1
05345,VT,43.003271,-72.65777,1
92404,CA,34.14856,-117.26298,1
70006,LA,30.013985,-90.19128,1
62901,IL,37.707763,-89.19246,2
19810,DE,39.817645,-75.50242,2
97068,OR,45.361991,-122.64443,2
60031,IL,42.375821,-87.93517,1
23507,VA,36.864047,-76.29947,1
23452,VA,36.839209,-76.09333,1
11024,NY,40.812887,-73.74094,1
11771,NY,40.868882,-73.52292,1
02536,MA,41.578992,-70.5614,1
84111,UT,40.7547,-111.88361,1
20818,MD,38.97511,-77.15928,2
16673,PA,40.328843,-78.39897,1
84093,UT,40.594948,-111.83448,1
84121,UT,40.625621,-111.8158,1
22652,VA,38.823987,-78.4531,1
05070,VT,43.830375,-72.36228,1
65401,MO,37.94384,-91.77105,1
28715,NC,35.529895,-82.70449,1
23603,VA,37.193712,-76.57178,1
95062,CA,36.9707,-121.99086,1
93950,CA,36.619065,-121.92102,1
20132,VA,39.146479,-77.72798,1
19102,PA,39.952962,-75.16558,2
77027,TX,29.739029,-95.44364,1
18954,PA,40.214652,-75.00379,1
19047,PA,40.173563,-74.91203,1
67206,KS,37.703247,-97.23166,1
23508,VA,36.886447,-76.30065,1
19131,PA,39.981112,-75.22486,1
19380,PA,39.983108,-75.59332,2
90240,CA,33.958363,-118.11987,1
78222,TX,29.379902,-98.38926,1
18977,PA,40.289939,-74.87885,1
19348,PA,39.858137,-75.71227,1
08081,NJ,39.741385,-74.99035,1
19802,DE,39.756213,-75.53312,1
78006,TX,29.851666,-98.72932,2
22932,VA,38.116217,-78.71396,1
34761,FL,28.574628,-81.52946,1
33149,FL,25.700966,-80.16195,1
77707,TX,30.065029,-94.18031,1
77565,TX,29.541285,-95.02996,2
65265,MO,39.179316,-91.88404,1
35205,AL,33.497055,-86.8057,2
44502,OH,41.086279,-80.64563,1
30662,GA,34.270167,-83.12842,1
60046,IL,42.410687,-88.05462,1
44509,OH,41.106249,-80.69471,1
30052,GA,33.823809,-83.89423,1
53216,WI,43.086711,-87.9749,1
91103,CA,34.166706,-118.159,1
06114,CT,41.7387,-72.67889,2
53562,WI,43.103711,-89.51106,1
63141,MO,38.662302,-90.45363,2
05602,VT,44.265633,-72.59686,2
60423,IL,41.501178,-87.83875,2
45208,OH,39.13786,-84.43426,1
30005,GA,34.080035,-84.21929,1
85044,AZ,33.333591,-111.99246,1
45202,OH,39.10441,-84.50774,1
44485,OH,41.237856,-80.84356,1
20814,MD,38.999759,-77.10185,1
75001,TX,32.96129,-96.83751,1
35243,AL,33.437667,-86.74586,1
95376,CA,37.728417,-121.42399,1
02871,RI,41.603929,-71.26099,2
56342,MN,46.212757,-93.45729,1
02908,RI,41.839296,-71.43802,1
91302,CA,34.133513,-118.66464,1
40214,KY,38.160936,-85.77624,1
31211,GA,32.878304,-83.59963,1
07452,NJ,40.961109,-74.12576,1
89129,NV,36.231139,-115.28461,1
96734,HI,21.3949,-157.74529,1
11361,NY,40.763177,-73.77392,1
55120,MN,44.873398,-93.14538,1
64050,MO,39.09888,-94.41447,1
60173,IL,42.051927,-88.04814,1
92506,CA,33.943615,-117.37239,1
46268,IN,39.897548,-86.22546,1
07462,NJ,41.193708,-74.5089,1
94104,CA,37.791728,-122.4019,2
14608,NY,43.155568,-77.62401,1
01095,MA,42.12531,-72.44057,1
64030,MO,38.883548,-94.52503,1
02838,RI,41.968698,-71.47503,1
32606,FL,29.681426,-82.41502,1
30269,GA,33.398992,-84.57062,1
58369,ND,48.937584,-99.8055,1
42718,KY,37.372314,-85.3549,1
20191,VA,38.934709,-77.3469,1
87571,NM,36.414942,-105.5808,1
91740,CA,34.119245,-117.8548,3
63138,MO,38.787849,-90.21041,1
55426,MN,44.952064,-93.37795,3
85203,AZ,33.437493,-111.806,1
00693,PR,18.440667,-66.3921,1
02332,MA,42.031371,-70.70105,2
45504,OH,39.941827,-83.83702,1
85281,AZ,33.426885,-111.92733,1
62025,IL,38.819297,-89.9551,2
02150,MA,42.396382,-71.03352,1
91773,CA,34.103341,-117.81814,1
46140,IN,39.799143,-85.78446,1
75041,TX,32.881525,-96.64601,1
02725,MA,41.721652,-71.17482,1
27609,NC,35.844753,-78.63263,1
60193,IL,42.01299,-88.09675,1
95032,CA,37.241193,-121.9534,1
85018,AZ,33.498076,-111.98603,1
98177,WA,47.740886,-122.36978,1
80003,CO,39.825357,-105.06439,1
97424,OR,43.77182,-123.05667,1
77030,TX,29.704584,-95.40466,1
30673,GA,33.728754,-82.72612,1
90250,CA,33.914614,-118.35092,1
90045,CA,33.960041,-118.3949,1
20120,VA,38.851221,-77.44998,2
38018,TN,35.157681,-89.78249,2
84095,UT,40.561598,-111.96088,1
07461,NJ,41.229754,-74.60203,1
45056,OH,39.498751,-84.7407,1
01905,MA,42.464879,-70.97411,1
78130,TX,29.699844,-98.10754,1
10471,NY,40.900819,-73.90347,1
13224,NY,43.041866,-76.1032,1
60451,IL,41.509231,-87.96475,1
71301,LA,31.294532,-92.46015,1
12553,NY,41.46359,-74.05975,1
20003,DC,38.881762,-76.99447,2
30102,GA,34.097998,-84.6183,2
59801,MT,46.855423,-114.01229,2
30068,GA,33.965601,-84.4433,1
49504,MI,42.977925,-85.69733,2
11230,NY,40.622994,-73.96427,1
60091,IL,42.077178,-87.72373,1
21212,MD,39.363456,-76.61142,1
07652,NJ,40.947107,-74.07047,1
01801,MA,42.484545,-71.15206,1
19030,PA,40.175504,-74.84611,1
53589,WI,42.926473,-89.22432,1
60714,IL,42.032379,-87.81563,1
80012,CO,39.698387,-104.83956,1
95821,CA,38.623304,-121.38181,1
28412,NC,34.152021,-77.91346,1
19026,PA,39.949962,-75.30184,1
60048,IL,42.290922,-87.95169,1
95762,CA,38.684324,-121.06879,1
63110,MO,38.622601,-90.26182,1
55449,MN,45.168287,-93.20001,3
43223,OH,39.935263,-83.04558,1
30305,GA,33.830054,-84.38472,1
10001,NY,40.750742,-73.99653,1
32312,FL,30.554434,-84.25979,1
89103,NV,36.113211,-115.21849,1
20171,VA,38.931479,-77.40085,1
27909,NC,36.293192,-76.23692,1
02766,MA,41.969185,-71.1854,1
50014,IA,42.033235,-93.66741,1
21742,MD,39.658897,-77.68297,1
17821,PA,40.985594,-76.63449,1
80907,CO,38.873692,-104.81869,1
96797,HI,21.403487,-158.01389,1
91768,CA,34.06521,-117.77932,1
76501,TX,31.093215,-97.31086,1
98257,WA,48.393063,-122.50476,1
33167,FL,25.885739,-80.23264,1
18901,PA,40.317473,-75.12854,1
55311,MN,45.102133,-93.48757,2
45840,OH,41.037325,-83.64576,1
27408,NC,36.101385,-79.81425,1
67204,KS,37.754443,-97.35763,1
93924,CA,36.447533,-121.68611,1
98072,WA,47.758786,-122.10205,1
26301,WV,39.281289,-80.34348,1
76034,TX,32.885062,-97.14923,1
33701,FL,27.770955,-82.63931,1
77706,TX,30.092679,-94.16377,2
98036,WA,47.808816,-122.28394,1
74075,OK,36.149394,-97.05784,1
54650,WI,43.899664,-91.22963,1
11753,NY,40.786544,-73.53675,1
02114,MA,42.361792,-71.06774,1
49841,MI,46.299186,-87.43312,1
07307,NJ,40.748001,-74.04943,1
19808,DE,39.734279,-75.6631,1
55369,MN,45.120764,-93.43183,1
12970,NY,44.454639,-74.28753,1
02109,MA,42.361477,-71.05417,1
22041,VA,38.849136,-77.14081,1
12833,NY,43.128878,-73.8555,2
02461,MA,42.31883,-71.20822,1
63117,MO,38.628402,-90.32636,1
21046,MD,39.175004,-76.85319,2
11209,NY,40.62327,-74.0295,2
78722,TX,30.289307,-97.71659,3
30602,GA,33.948432,-83.3749,1
54880,WI,46.684273,-92.09474,1
04015,ME,43.952597,-70.51377,1
07028,NJ,40.80495,-74.2047,1
08840,NJ,40.543354,-74.3587,1
22310,VA,38.782013,-77.12125,1
01775,MA,42.423882,-71.51086,1
01760,MA,42.290763,-71.35368,1
01944,MA,42.580033,-70.76462,1
78628,TX,30.674349,-97.72338,1
98262,WA,48.699642,-122.66658,1
48473,MI,42.950128,-83.82612,2
73013,OK,35.623805,-97.47909,1
96744,HI,21.501854,-157.87926,2
77054,TX,29.683865,-95.39772,1
03755,NH,43.719756,-72.2507,2
03255,NH,43.32582,-72.02654,1
48363,MI,42.765582,-83.17281,1
41030,KY,38.788439,-84.602,1
33020,FL,26.016984,-80.14925,1
23455,VA,36.889797,-76.1426,1
84119,UT,40.696596,-111.95239,1
66013,KS,38.733271,-94.6957,1
29615,SC,34.866801,-82.31739,1
21221,MD,39.307737,-76.45171,1
14068,NY,43.02534,-78.76241,1
47714,IN,37.959092,-87.52468,1
03766,NH,43.642945,-72.24403,1
21773,MD,39.528123,-77.557,1
92843,CA,33.763033,-117.9355,1
19342,PA,39.897677,-75.50109,1
93555,CA,35.599177,-117.68065,1
55442,MN,45.046701,-93.42892,1
14167,NY,42.750175,-78.32283,1
78744,TX,30.188377,-97.74038,1
05667,VT,44.295577,-72.42365,2
29642,SC,34.789884,-82.56459,1
77098,TX,29.735529,-95.41405,1
80231,CO,39.681687,-104.88338,1
16365,PA,41.853225,-79.15521,1
89123,NV,36.026532,-115.14848,1
56137,MN,43.826163,-95.34591,1
80916,CO,38.808934,-104.73823,1
01940,MA,42.527895,-71.02834,1
37206,TN,36.180806,-86.74176,2
70119,LA,29.974504,-90.08747,1
33028,FL,26.018418,-80.34798,1
18052,PA,40.651751,-75.49224,1
78223,TX,29.352352,-98.43215,1
78209,TX,29.48618,-98.4568,1
78240,TX,29.518413,-98.60869,1
78253,TX,29.461353,-98.75976,1
44260,OH,41.043123,-81.36518,1
83301,ID,42.530288,-114.47509,1
79411,TX,33.570435,-101.86184,1
78204,TX,29.403583,-98.5063,1
02464,MA,42.311997,-71.22046,1
13903,NY,42.077258,-75.90226,1
33135,FL,25.766577,-80.23576,1
19462,PA,40.115959,-75.29257,1
89117,NV,36.140974,-115.28205,1
76120,TX,32.762631,-97.17527,1
89511,NV,39.403178,-119.7606,1
28043,NC,35.317602,-81.86722,1
91306,CA,34.209407,-118.57735,1
61265,IL,41.490333,-90.50006,1
30066,GA,34.027533,-84.51475,1
64114,MO,38.966056,-94.59641,1
06033,CT,41.707932,-72.57085,1
77008,TX,29.798777,-95.40951,1
10920,NY,41.149245,-73.94287,1
70748,LA,30.826285,-91.22812,1
43026,OH,40.021665,-83.14762,1
02152,MA,42.373047,-70.97803,1
60628,IL,41.695434,-87.62255,1
58102,ND,46.900348,-96.80016,1
48230,MI,42.386087,-82.92426,1
15146,PA,40.431034,-79.76526,1
94561,CA,37.992124,-121.71328,1
65712,MO,37.101742,-93.80738,1
14760,NY,42.076574,-78.42744,1
33607,FL,27.963798,-82.49537,1
77075,TX,29.620881,-95.26018,1
35115,AL,33.114972,-86.8738,1
35401,AL,33.193818,-87.56843,1
01867,MA,42.52585,-71.10993,1
19713,DE,39.669211,-75.71796,1
78231,TX,29.574677,-98.53946,1
70802,LA,30.44629,-91.17305,1
70460,LA,30.298048,-89.81176,1
80221,CO,39.816536,-105.01123,1
54701,WI,44.780427,-91.48065,1
32303,FL,30.486061,-84.31528,1
26542,WV,39.561031,-79.79533,1
42503,KY,37.112274,-84.588,1
01776,MA,42.38532,-71.42989,1
50010,IA,42.02933,-93.60966,1
32501,FL,30.420997,-87.22305,1
87114,NM,35.196446,-106.67336,1
30075,GA,34.049789,-84.38539,1
43231,OH,40.076042,-82.94064,1
28401,NC,34.235219,-77.94134,2
01036,MA,42.064703,-72.41735,1
80537,CO,40.383636,-105.10349,1
60540,IL,41.764779,-88.14579,1
79606,TX,32.360362,-99.79886,1
32301,FL,30.431283,-84.26903,1
80634,CO,40.407853,-104.75498,1
37209,TN,36.151324,-86.8559,1
48906,MI,42.764167,-84.56153,1
43213,OH,39.966814,-82.87413,1
11210,NY,40.627946,-73.94552,1
32618,FL,29.517277,-82.54518,1
45123,OH,39.343559,-83.39748,1
78734,TX,30.378675,-97.95028,1
76006,TX,32.778047,-97.08088,1
14706,NY,42.10143,-78.51587,1
